timestamp,edificio,piso,temp_C,humedad_pct,energia_kW
2025-11-11 10:42:00,A,1,24.1,56.76,3.99
2025-11-11 10:42:00,A,2,26.08,50.19,5.65
2025-11-11 10:42:00,A,3,27.4,49.13,7.22
2025-11-11 10:43:00,A,1,24.42,54.47,3.93
2025-11-11 10:43:00,A,2,26.21,51.7,5.82
2025-11-11 10:43:00,A,3,27.05,50.08,7.14
2025-11-11 10:44:00,A,1,24.32,56.74,3.62
2025-11-11 10:44:00,A,2,26.24,52.15,5.87
2025-11-11 10:44:00,A,3,27.34,49.05,7.63
2025-11-11 10:45:00,A,1,24.78,53.52,3.82
2025-11-11 10:45:00,A,2,26.1,52.05,5.72
2025-11-11 10:45:00,A,3,27.07,49.28,9.33
2025-11-11 10:46:00,A,1,24.69,54.42,3.76
2025-11-11 10:46:00,A,2,26.16,50.7,5.52
2025-11-11 10:46:00,A,3,27.16,48.85,6.96
2025-11-11 10:47:00,A,1,25.12,54.28,3.43
2025-11-11 10:47:00,A,2,26.3,51.71,5.45
2025-11-11 10:47:00,A,3,26.94,49.62,6.89
2025-11-11 10:48:00,A,1,24.32,55.99,3.58
2025-11-11 10:48:00,A,2,26.32,51.33,5.66
2025-11-11 10:48:00,A,3,27.3,51.09,6.87
2025-11-11 10:49:00,A,1,24.83,54.96,3.7
2025-11-11 10:49:00,A,2,26.46,50.27,5.51
2025-11-11 10:49:00,A,3,27.26,49.84,7.16
2025-11-11 10:50:00,A,1,25.01,53.14,3.27
2025-11-11 10:50:00,A,2,26.26,51.94,5.24
2025-11-11 10:50:00,A,3,27.28,50.33,6.88
2025-11-11 10:51:00,A,1,24.76,54.62,3.88
2025-11-11 10:51:00,A,2,26.24,50.93,5.81
2025-11-11 10:51:00,A,3,26.66,52.74,6.96
2025-11-11 10:52:00,A,1,24.36,55.42,3.66
2025-11-11 10:52:00,A,2,25.74,52.86,5.43
2025-11-11 10:52:00,A,3,27.4,49.87,7.16
2025-11-11 10:53:00,A,1,24.42,55.47,3.71
2025-11-11 10:53:00,A,2,26.06,51.82,5.66
2025-11-11 10:53:00,A,3,27.72,49.04,6.97
2025-11-11 10:54:00,A,1,24.76,55.41,3.84
2025-11-11 10:54:00,A,2,26.12,52.09,7.39
2025-11-11 10:54:00,A,3,27.06,48.77,6.97
2025-11-11 10:55:00,A,1,24.64,54.47,3.47
2025-11-11 10:55:00,A,2,26.0,51.13,5.61
2025-11-11 10:55:00,A,3,27.25,48.35,7.35
2025-11-11 10:56:00,A,1,24.87,55.08,3.74
2025-11-11 10:56:00,A,2,25.81,52.58,5.28
2025-11-11 10:56:00,A,3,27.33,49.45,6.79
2025-11-11 10:57:00,A,1,24.55,54.23,3.67
2025-11-11 10:57:00,A,2,25.9,51.27,5.24
2025-11-11 10:57:00,A,3,26.86,51.66,7.09
2025-11-11 10:58:00,A,1,24.53,57.1,3.93
2025-11-11 10:58:00,A,2,25.76,52.31,5.84
2025-11-11 10:58:00,A,3,27.13,48.39,7.39
2025-11-11 10:59:00,A,1,24.22,54.51,3.49
2025-11-11 10:59:00,A,2,25.73,52.12,5.7
2025-11-11 10:59:00,A,3,27.55,49.08,7.26
2025-11-11 11:00:00,A,1,23.92,56.01,3.38
2025-11-11 11:00:00,A,2,25.99,53.36,5.49
2025-11-11 11:00:00,A,3,27.11,51.2,7.01
2025-11-11 11:01:00,A,1,24.34,54.06,3.5
2025-11-11 11:01:00,A,2,25.86,51.38,5.83
2025-11-11 11:01:00,A,3,27.08,48.24,6.78
2025-11-11 11:02:00,A,1,24.77,54.55,3.42
2025-11-11 11:02:00,A,2,26.38,50.85,5.86
2025-11-11 11:02:00,A,3,27.12,49.95,7.13
2025-11-11 11:03:00,A,1,24.65,53.98,3.64
2025-11-11 11:03:00,A,2,25.77,52.35,5.15
2025-11-11 11:03:00,A,3,26.97,50.07,6.79
2025-11-11 11:04:00,A,1,24.69,56.09,3.63
2025-11-11 11:04:00,A,2,25.97,51.5,5.4
2025-11-11 11:04:00,A,3,26.47,50.1,6.9
2025-11-11 11:05:00,A,1,24.22,55.49,3.38
2025-11-11 11:05:00,A,2,25.9,52.17,5.53
2025-11-11 11:05:00,A,3,27.1,50.36,6.86
2025-11-11 11:06:00,A,1,24.83,53.65,3.5
2025-11-11 11:06:00,A,2,26.07,49.92,5.5
2025-11-11 11:06:00,A,3,27.68,48.82,7.08
2025-11-11 11:07:00,A,1,24.54,55.85,3.02
2025-11-11 11:07:00,A,2,25.97,54.35,5.47
2025-11-11 11:07:00,A,3,27.24,49.6,6.71
2025-11-11 11:08:00,A,1,24.7,54.22,3.43
2025-11-11 11:08:00,A,2,25.76,53.1,6.41
2025-11-11 11:08:00,A,3,27.55,47.35,6.82
2025-11-11 11:09:00,A,1,24.67,56.32,3.03
2025-11-11 11:09:00,A,2,26.13,51.12,5.62
2025-11-11 11:09:00,A,3,26.83,49.99,6.96
2025-11-11 11:10:00,A,1,24.92,54.01,3.18
2025-11-11 11:10:00,A,2,26.16,52.82,5.1
2025-11-11 11:10:00,A,3,26.89,50.63,6.91
2025-11-11 11:11:00,A,1,24.44,55.76,3.19
2025-11-11 11:11:00,A,2,25.82,51.84,5.52
2025-11-11 11:11:00,A,3,27.33,49.88,6.87
2025-11-11 11:12:00,A,1,24.81,56.05,3.3
2025-11-11 11:12:00,A,2,25.87,51.96,5.24
2025-11-11 11:12:00,A,3,26.78,51.16,6.58
2025-11-11 11:13:00,A,1,24.35,56.69,3.26
2025-11-11 11:13:00,A,2,25.86,52.21,5.21
2025-11-11 11:13:00,A,3,27.21,51.21,6.76
2025-11-11 11:14:00,A,1,24.19,55.16,3.39
2025-11-11 11:14:00,A,2,25.57,53.57,5.14
2025-11-11 11:14:00,A,3,26.88,49.14,6.46
2025-11-11 11:15:00,A,1,23.94,56.49,2.97
2025-11-11 11:15:00,A,2,25.35,52.76,5.29
2025-11-11 11:15:00,A,3,26.64,51.93,6.54
2025-11-11 11:16:00,A,1,24.44,55.04,3.42
2025-11-11 11:16:00,A,2,25.75,52.61,5.36
2025-11-11 11:16:00,A,3,26.27,50.77,6.24
2025-11-11 11:17:00,A,1,23.83,58.08,3.35
2025-11-11 11:17:00,A,2,25.61,50.88,5.49
2025-11-11 11:17:00,A,3,27.12,51.94,6.71
2025-11-11 11:18:00,A,1,24.48,55.76,3.07
2025-11-11 11:18:00,A,2,25.69,54.12,5.32
2025-11-11 11:18:00,A,3,26.76,52.26,7.42
2025-11-11 11:19:00,A,1,24.43,55.49,3.01
2025-11-11 11:19:00,A,2,25.98,51.27,7.11
2025-11-11 11:19:00,A,3,27.24,50.27,6.74
2025-11-11 11:20:00,A,1,24.39,55.38,3.3
2025-11-11 11:20:00,A,2,26.08,52.99,5.18
2025-11-11 11:20:00,A,3,26.9,50.02,6.36
2025-11-11 11:21:00,A,1,24.24,56.24,3.13
2025-11-11 11:21:00,A,2,25.54,53.99,5.51
2025-11-11 11:21:00,A,3,26.98,50.53,6.45
2025-11-11 11:22:00,A,1,24.41,54.82,2.99
2025-11-11 11:22:00,A,2,26.17,50.3,5.14
2025-11-11 11:22:00,A,3,27.13,48.97,6.56
2025-11-11 11:23:00,A,1,24.35,56.71,3.19
2025-11-11 11:23:00,A,2,25.51,53.46,5.09
2025-11-11 11:23:00,A,3,27.12,50.11,6.9
2025-11-11 11:24:00,A,1,24.62,54.65,2.94
2025-11-11 11:24:00,A,2,25.91,54.02,5.54
2025-11-11 11:24:00,A,3,26.99,49.07,6.26
2025-11-11 11:25:00,A,1,24.42,55.29,2.71
2025-11-11 11:25:00,A,2,25.95,52.1,5.12
2025-11-11 11:25:00,A,3,26.93,52.53,6.23
2025-11-11 11:26:00,A,1,24.35,53.86,3.29
2025-11-11 11:26:00,A,2,25.68,51.47,4.81
2025-11-11 11:26:00,A,3,26.77,48.54,6.76
2025-11-11 11:27:00,A,1,24.26,55.33,3.28
2025-11-11 11:27:00,A,2,25.54,52.8,5.04
2025-11-11 11:27:00,A,3,26.78,48.8,6.67
2025-11-11 11:28:00,A,1,24.73,53.42,2.99
2025-11-11 11:28:00,A,2,26.09,53.06,5.16
2025-11-11 11:28:00,A,3,27.12,48.72,6.47
2025-11-11 11:29:00,A,1,23.95,56.21,3.15
2025-11-11 11:29:00,A,2,25.61,54.02,5.09
2025-11-11 11:29:00,A,3,27.52,50.75,6.63
2025-11-11 11:30:00,A,1,24.13,56.26,3.09
2025-11-11 11:30:00,A,2,25.98,54.05,5.59
2025-11-11 11:30:00,A,3,26.64,51.02,6.44
2025-11-11 11:31:00,A,1,24.41,56.23,3.36
2025-11-11 11:31:00,A,2,25.96,51.12,5.01
2025-11-11 11:31:00,A,3,26.84,50.15,6.36
2025-11-11 11:32:00,A,1,24.12,56.17,3.35
2025-11-11 11:32:00,A,2,25.89,51.51,5.45
2025-11-11 11:32:00,A,3,27.01,48.75,6.29
2025-11-11 11:33:00,A,1,24.25,55.14,3.02
2025-11-11 11:33:00,A,2,26.33,49.26,5.02
2025-11-11 11:33:00,A,3,26.65,51.55,6.63
2025-11-11 11:34:00,A,1,24.29,54.84,3.41
2025-11-11 11:34:00,A,2,25.69,50.45,4.97
2025-11-11 11:34:00,A,3,26.93,51.07,6.79
2025-11-11 11:35:00,A,1,23.98,56.66,3.04
2025-11-11 11:35:00,A,2,25.89,53.58,5.58
2025-11-11 11:35:00,A,3,27.25,49.33,6.53
2025-11-11 11:36:00,A,1,23.96,56.75,3.12
2025-11-11 11:36:00,A,2,26.09,51.78,4.73
2025-11-11 11:36:00,A,3,27.2,51.02,6.37
2025-11-11 11:37:00,A,1,24.24,57.95,3.04
2025-11-11 11:37:00,A,2,25.64,52.27,4.87
2025-11-11 11:37:00,A,3,26.98,50.38,6.63
2025-11-11 11:38:00,A,1,24.15,57.08,3.2
2025-11-11 11:38:00,A,2,25.52,52.87,4.69
2025-11-11 11:38:00,A,3,27.01,48.78,6.51
2025-11-11 11:39:00,A,1,23.87,57.5,3.21
2025-11-11 11:39:00,A,2,26.08,52.54,5.31
2025-11-11 11:39:00,A,3,26.72,49.73,6.52
2025-11-11 11:40:00,A,1,23.79,56.32,5.52
2025-11-11 11:40:00,A,2,25.49,52.7,4.95
2025-11-11 11:40:00,A,3,27.09,48.23,6.47
2025-11-11 11:41:00,A,1,23.65,55.98,3.04
2025-11-11 11:41:00,A,2,25.49,52.77,4.96
2025-11-11 11:41:00,A,3,26.26,52.24,6.54
2025-11-11 11:42:00,A,1,24.23,56.46,3.14
2025-11-11 11:42:00,A,2,25.86,51.59,4.85
2025-11-11 11:42:00,A,3,27.18,49.8,6.33
2025-11-11 11:43:00,A,1,24.06,55.65,3.09
2025-11-11 11:43:00,A,2,25.51,52.0,4.94
2025-11-11 11:43:00,A,3,26.73,50.18,6.53
2025-11-11 11:44:00,A,1,23.84,57.0,2.96
2025-11-11 11:44:00,A,2,25.19,54.71,5.04
2025-11-11 11:44:00,A,3,26.83,50.71,6.52
2025-11-11 11:45:00,A,1,24.38,56.08,3.14
2025-11-11 11:45:00,A,2,25.5,53.61,4.98
2025-11-11 11:45:00,A,3,26.74,51.52,6.43
2025-11-11 11:46:00,A,1,23.69,55.85,3.0
2025-11-11 11:46:00,A,2,25.08,53.63,4.91
2025-11-11 11:46:00,A,3,26.85,51.7,6.81
2025-11-11 11:47:00,A,1,23.56,55.01,3.28
2025-11-11 11:47:00,A,2,25.87,50.72,4.73
2025-11-11 11:47:00,A,3,27.1,48.19,6.65
2025-11-11 11:48:00,A,1,24.01,55.02,2.85
2025-11-11 11:48:00,A,2,26.04,50.9,5.07
2025-11-11 11:48:00,A,3,26.84,50.5,6.6
2025-11-11 11:49:00,A,1,24.08,57.14,2.82
2025-11-11 11:49:00,A,2,25.97,53.05,5.21
2025-11-11 11:49:00,A,3,26.93,50.17,6.69
2025-11-11 11:50:00,A,1,23.76,55.62,3.06
2025-11-11 11:50:00,A,2,26.0,53.97,4.7
2025-11-11 11:50:00,A,3,27.05,50.8,6.2
2025-11-11 11:51:00,A,1,23.92,55.52,2.91
2025-11-11 11:51:00,A,2,25.62,53.16,5.01
2025-11-11 11:51:00,A,3,26.76,50.33,6.46
2025-11-11 11:52:00,A,1,24.02,56.51,2.59
2025-11-11 11:52:00,A,2,25.67,52.26,4.49
2025-11-11 11:52:00,A,3,26.41,50.3,6.43
2025-11-11 11:53:00,A,1,23.74,56.04,3.19
2025-11-11 11:53:00,A,2,25.63,52.05,4.56
2025-11-11 11:53:00,A,3,26.47,50.37,6.27
2025-11-11 11:54:00,A,1,24.37,56.11,3.14
2025-11-11 11:54:00,A,2,25.39,51.49,5.11
2025-11-11 11:54:00,A,3,26.85,49.94,6.36
2025-11-11 11:55:00,A,1,23.96,57.54,3.0
2025-11-11 11:55:00,A,2,25.8,54.56,4.85
2025-11-11 11:55:00,A,3,26.86,50.92,6.47
2025-11-11 11:56:00,A,1,23.65,57.57,3.38
2025-11-11 11:56:00,A,2,25.48,53.76,5.22
2025-11-11 11:56:00,A,3,26.82,48.39,6.55
2025-11-11 11:57:00,A,1,24.04,55.08,3.3
2025-11-11 11:57:00,A,2,25.54,53.54,5.04
2025-11-11 11:57:00,A,3,26.54,49.56,6.68
2025-11-11 11:58:00,A,1,24.29,53.79,2.94
2025-11-11 11:58:00,A,2,26.2,50.86,5.27
2025-11-11 11:58:00,A,3,26.61,51.8,6.32
2025-11-11 11:59:00,A,1,23.68,54.36,4.77
2025-11-11 11:59:00,A,2,26.07,51.35,4.66
2025-11-11 11:59:00,A,3,26.61,51.62,6.38
2025-11-11 12:00:00,A,1,23.92,54.78,2.97
2025-11-11 12:00:00,A,2,25.22,53.73,5.29
2025-11-11 12:00:00,A,3,26.54,51.34,6.65
2025-11-11 12:01:00,A,1,23.73,56.85,3.17
2025-11-11 12:01:00,A,2,25.69,51.27,5.22
2025-11-11 12:01:00,A,3,26.23,51.91,6.41
2025-11-11 12:02:00,A,1,23.5,56.87,3.17
2025-11-11 12:02:00,A,2,25.07,54.57,5.31
2025-11-11 12:02:00,A,3,26.74,50.95,6.8
2025-11-11 12:03:00,A,1,23.77,55.58,2.86
2025-11-11 12:03:00,A,2,25.75,51.53,4.84
2025-11-11 12:03:00,A,3,26.81,50.49,6.31
2025-11-11 12:04:00,A,1,23.81,56.16,3.32
2025-11-11 12:04:00,A,2,25.79,51.51,5.04
2025-11-11 12:04:00,A,3,26.2,52.79,6.86
2025-11-11 12:05:00,A,1,23.51,57.14,2.84
2025-11-11 12:05:00,A,2,25.2,52.83,7.26
2025-11-11 12:05:00,A,3,26.88,49.77,6.37
2025-11-11 12:06:00,A,1,24.16,56.04,3.41
2025-11-11 12:06:00,A,2,25.28,51.4,5.13
2025-11-11 12:06:00,A,3,26.1,53.85,6.79
2025-11-11 12:07:00,A,1,23.64,57.38,3.2
2025-11-11 12:07:00,A,2,25.61,53.55,4.77
2025-11-11 12:07:00,A,3,26.46,51.31,6.65
2025-11-11 12:08:00,A,1,23.9,55.88,3.39
2025-11-11 12:08:00,A,2,25.54,53.53,4.96
2025-11-11 12:08:00,A,3,26.51,51.87,6.8
2025-11-11 12:09:00,A,1,23.91,55.59,3.38
2025-11-11 12:09:00,A,2,25.81,52.36,5.26
2025-11-11 12:09:00,A,3,26.34,50.65,6.82
2025-11-11 12:10:00,A,1,24.3,57.3,3.13
2025-11-11 12:10:00,A,2,25.09,54.83,4.74
2025-11-11 12:10:00,A,3,26.29,49.97,6.71
2025-11-11 12:11:00,A,1,23.58,57.68,3.36
2025-11-11 12:11:00,A,2,24.89,53.82,4.8
2025-11-11 12:11:00,A,3,26.11,51.14,6.35
2025-11-11 12:12:00,A,1,24.27,56.19,3.43
2025-11-11 12:12:00,A,2,25.29,52.39,5.38
2025-11-11 12:12:00,A,3,26.79,49.87,6.83
2025-11-11 12:13:00,A,1,23.67,55.98,2.96
2025-11-11 12:13:00,A,2,25.18,54.01,4.95
2025-11-11 12:13:00,A,3,26.82,51.03,6.43
2025-11-11 12:14:00,A,1,23.13,58.14,3.14
2025-11-11 12:14:00,A,2,25.43,54.18,5.23
2025-11-11 12:14:00,A,3,26.64,52.63,6.41
2025-11-11 12:15:00,A,1,24.62,54.69,3.19
2025-11-11 12:15:00,A,2,25.48,54.46,4.81
2025-11-11 12:15:00,A,3,27.1,49.9,6.8
2025-11-11 12:16:00,A,1,23.59,56.63,3.02
2025-11-11 12:16:00,A,2,25.07,54.73,5.28
2025-11-11 12:16:00,A,3,26.73,49.69,6.52
2025-11-11 12:17:00,A,1,23.98,56.53,3.53
2025-11-11 12:17:00,A,2,25.22,53.86,5.07
2025-11-11 12:17:00,A,3,26.7,51.25,6.28
2025-11-11 12:18:00,A,1,23.9,54.41,3.24
2025-11-11 12:18:00,A,2,25.5,53.16,5.34
2025-11-11 12:18:00,A,3,26.72,50.88,6.82
2025-11-11 12:19:00,A,1,24.07,56.47,3.52
2025-11-11 12:19:00,A,2,25.62,51.59,5.2
2025-11-11 12:19:00,A,3,27.19,49.75,6.69
2025-11-11 12:20:00,A,1,23.91,55.17,3.2
2025-11-11 12:20:00,A,2,25.61,52.23,5.28
2025-11-11 12:20:00,A,3,26.37,51.76,6.95
2025-11-11 12:21:00,A,1,24.03,55.48,3.31
2025-11-11 12:21:00,A,2,25.52,52.59,5.05
2025-11-11 12:21:00,A,3,26.08,51.98,6.52
2025-11-11 12:22:00,A,1,23.17,58.46,3.03
2025-11-11 12:22:00,A,2,25.19,53.52,5.36
2025-11-11 12:22:00,A,3,26.9,50.92,6.76
2025-11-11 12:23:00,A,1,23.96,56.2,3.47
2025-11-11 12:23:00,A,2,25.7,52.3,5.02
2025-11-11 12:23:00,A,3,26.68,50.0,7.19
2025-11-11 12:24:00,A,1,23.87,53.59,2.99
2025-11-11 12:24:00,A,2,25.62,52.77,5.48
2025-11-11 12:24:00,A,3,26.11,50.8,7.07
2025-11-11 12:25:00,A,1,23.67,56.11,3.6
2025-11-11 12:25:00,A,2,25.36,52.32,5.24
2025-11-11 12:25:00,A,3,26.54,51.28,6.9
2025-11-11 12:26:00,A,1,23.85,57.56,3.53
2025-11-11 12:26:00,A,2,25.31,53.24,5.17
2025-11-11 12:26:00,A,3,26.2,51.49,6.82
2025-11-11 12:27:00,A,1,24.32,55.39,3.6
2025-11-11 12:27:00,A,2,25.71,52.2,5.55
2025-11-11 12:27:00,A,3,26.63,51.93,6.87
2025-11-11 12:28:00,A,1,24.01,56.82,3.17
2025-11-11 12:28:00,A,2,25.46,52.62,5.79
2025-11-11 12:28:00,A,3,26.38,50.93,7.01
2025-11-11 12:29:00,A,1,23.37,56.35,3.61
2025-11-11 12:29:00,A,2,25.07,53.35,5.53
2025-11-11 12:29:00,A,3,26.16,53.05,6.91
2025-11-11 12:30:00,A,1,23.53,55.68,3.2
2025-11-11 12:30:00,A,2,25.95,51.6,5.5
2025-11-11 12:30:00,A,3,25.99,49.38,7.22
2025-11-11 12:31:00,A,1,23.84,57.16,3.64
2025-11-11 12:31:00,A,2,25.09,53.46,5.25
2025-11-11 12:31:00,A,3,25.86,52.1,6.87
2025-11-11 12:32:00,A,1,23.62,56.02,3.44
2025-11-11 12:32:00,A,2,25.2,54.31,5.52
2025-11-11 12:32:00,A,3,26.27,50.5,6.8
2025-11-11 12:33:00,A,1,23.81,57.8,5.4
2025-11-11 12:33:00,A,2,25.09,54.09,5.21
2025-11-11 12:33:00,A,3,26.02,53.18,6.88
2025-11-11 12:34:00,A,1,23.36,58.41,3.45
2025-11-11 12:34:00,A,2,25.28,52.45,5.67
2025-11-11 12:34:00,A,3,26.73,51.81,7.22
2025-11-11 12:35:00,A,1,23.77,54.78,3.19
2025-11-11 12:35:00,A,2,25.46,51.21,5.25
2025-11-11 12:35:00,A,3,26.09,52.85,7.08
2025-11-11 12:36:00,A,1,23.2,55.73,3.62
2025-11-11 12:36:00,A,2,25.04,53.75,5.61
2025-11-11 12:36:00,A,3,26.55,53.89,7.26
2025-11-11 12:37:00,A,1,23.41,55.94,3.6
2025-11-11 12:37:00,A,2,25.14,55.03,5.55
2025-11-11 12:37:00,A,3,25.89,53.69,7.29
2025-11-11 12:38:00,A,1,23.6,56.39,3.65
2025-11-11 12:38:00,A,2,25.0,53.02,5.74
2025-11-11 12:38:00,A,3,26.0,51.4,6.9
2025-11-11 12:39:00,A,1,24.17,55.8,3.35
2025-11-11 12:39:00,A,2,25.12,52.46,5.31
2025-11-11 12:39:00,A,3,26.16,50.24,7.22
2025-11-11 12:40:00,A,1,23.9,55.33,3.65
2025-11-11 12:40:00,A,2,24.63,54.41,5.27
2025-11-11 12:40:00,A,3,26.42,51.45,7.29
2025-11-11 12:41:00,A,1,23.51,57.56,4.02
2025-11-11 12:41:00,A,2,24.85,53.56,5.49
2025-11-11 12:41:00,A,3,26.13,51.31,7.12
2025-11-11 12:42:00,A,1,23.67,56.57,3.5
2025-11-11 12:42:00,A,2,25.24,52.49,5.77
2025-11-11 12:42:00,A,3,26.68,51.43,7.23
2025-11-11 12:43:00,A,1,23.7,55.3,3.95
2025-11-11 12:43:00,A,2,24.84,54.3,7.88
2025-11-11 12:43:00,A,3,25.88,51.84,7.26
2025-11-11 12:44:00,A,1,23.49,56.57,3.62
2025-11-11 12:44:00,A,2,25.37,55.55,5.68
2025-11-11 12:44:00,A,3,26.12,51.76,7.53
2025-11-11 12:45:00,A,1,23.13,56.77,3.89
2025-11-11 12:45:00,A,2,25.35,52.54,5.87
2025-11-11 12:45:00,A,3,25.96,53.07,7.42
2025-11-11 12:46:00,A,1,23.35,56.7,3.49
2025-11-11 12:46:00,A,2,25.19,52.51,5.41
2025-11-11 12:46:00,A,3,26.1,51.07,7.02
2025-11-11 12:47:00,A,1,23.8,55.99,3.41
2025-11-11 12:47:00,A,2,25.16,53.13,6.16
2025-11-11 12:47:00,A,3,26.4,52.06,7.27
2025-11-11 12:48:00,A,1,23.6,56.79,3.51
2025-11-11 12:48:00,A,2,25.06,54.3,8.94
2025-11-11 12:48:00,A,3,26.45,52.25,7.43
2025-11-11 12:49:00,A,1,23.71,54.85,3.62
2025-11-11 12:49:00,A,2,25.03,53.6,6.03
2025-11-11 12:49:00,A,3,25.95,54.01,7.35
2025-11-11 12:50:00,A,1,23.24,56.01,3.68
2025-11-11 12:50:00,A,2,24.83,54.18,5.47
2025-11-11 12:50:00,A,3,26.13,50.66,7.31
2025-11-11 12:51:00,A,1,23.69,56.31,3.44
2025-11-11 12:51:00,A,2,25.04,52.7,5.59
2025-11-11 12:51:00,A,3,26.53,51.02,7.16
2025-11-11 12:52:00,A,1,22.98,57.5,4.0
2025-11-11 12:52:00,A,2,25.15,54.42,5.67
2025-11-11 12:52:00,A,3,26.67,51.47,7.23
2025-11-11 12:53:00,A,1,23.71,56.18,3.85
2025-11-11 12:53:00,A,2,24.9,53.55,5.69
2025-11-11 12:53:00,A,3,26.15,51.72,7.42
2025-11-11 12:54:00,A,1,23.62,57.5,3.76
2025-11-11 12:54:00,A,2,25.02,54.46,5.56
2025-11-11 12:54:00,A,3,25.93,52.16,7.33
2025-11-11 12:55:00,A,1,23.7,55.53,3.23
2025-11-11 12:55:00,A,2,24.87,52.5,5.71
2025-11-11 12:55:00,A,3,25.82,51.82,7.21
2025-11-11 12:56:00,A,1,23.61,55.95,3.88
2025-11-11 12:56:00,A,2,25.37,55.31,5.83
2025-11-11 12:56:00,A,3,26.07,52.0,7.28
2025-11-11 12:57:00,A,1,23.37,57.23,3.67
2025-11-11 12:57:00,A,2,25.38,54.44,5.69
2025-11-11 12:57:00,A,3,25.75,51.77,7.08
2025-11-11 12:58:00,A,1,23.92,55.75,3.51
2025-11-11 12:58:00,A,2,24.74,55.21,5.67
2025-11-11 12:58:00,A,3,25.81,52.34,7.68
2025-11-11 12:59:00,A,1,22.97,58.5,3.9
2025-11-11 12:59:00,A,2,24.96,52.76,5.65
2025-11-11 12:59:00,A,3,26.08,51.29,8.61
2025-11-11 13:00:00,A,1,23.76,58.38,3.75
2025-11-11 13:00:00,A,2,24.9,54.56,5.69
2025-11-11 13:00:00,A,3,26.12,49.45,7.09
2025-11-11 13:01:00,A,1,23.59,57.22,3.37
2025-11-11 13:01:00,A,2,24.76,54.2,5.94
2025-11-11 13:01:00,A,3,26.15,52.72,7.78
2025-11-11 13:02:00,A,1,23.81,55.45,3.69
2025-11-11 13:02:00,A,2,25.1,52.32,6.08
2025-11-11 13:02:00,A,3,26.25,51.92,7.32
2025-11-11 13:03:00,A,1,23.61,56.42,3.9
2025-11-11 13:03:00,A,2,24.87,53.73,5.83
2025-11-11 13:03:00,A,3,26.27,53.28,7.46
2025-11-11 13:04:00,A,1,23.61,55.7,3.76
2025-11-11 13:04:00,A,2,25.06,55.56,6.02
2025-11-11 13:04:00,A,3,26.28,50.52,7.43
2025-11-11 13:05:00,A,1,23.59,57.19,3.59
2025-11-11 13:05:00,A,2,24.9,52.68,6.21
2025-11-11 13:05:00,A,3,26.06,50.83,7.83
2025-11-11 13:06:00,A,1,23.59,56.37,4.4
2025-11-11 13:06:00,A,2,24.98,53.95,6.0
2025-11-11 13:06:00,A,3,26.51,50.32,7.56
2025-11-11 13:07:00,A,1,23.91,55.79,3.98
2025-11-11 13:07:00,A,2,24.95,54.95,5.96
2025-11-11 13:07:00,A,3,25.47,53.68,7.3
2025-11-11 13:08:00,A,1,23.24,57.34,4.05
2025-11-11 13:08:00,A,2,24.71,55.97,5.7
2025-11-11 13:08:00,A,3,26.63,49.89,7.37
2025-11-11 13:09:00,A,1,23.1,57.39,4.28
2025-11-11 13:09:00,A,2,25.08,53.55,6.08
2025-11-11 13:09:00,A,3,26.4,53.12,7.51
2025-11-11 13:10:00,A,1,23.49,57.29,3.77
2025-11-11 13:10:00,A,2,24.44,54.98,6.23
2025-11-11 13:10:00,A,3,26.28,53.94,7.54
2025-11-11 13:11:00,A,1,23.45,55.83,3.91
2025-11-11 13:11:00,A,2,24.54,54.61,5.83
2025-11-11 13:11:00,A,3,25.82,51.58,7.19
2025-11-11 13:12:00,A,1,23.2,57.59,3.89
2025-11-11 13:12:00,A,2,24.64,55.16,5.71
2025-11-11 13:12:00,A,3,25.92,54.06,7.65
2025-11-11 13:13:00,A,1,23.52,57.67,3.8
2025-11-11 13:13:00,A,2,24.53,55.11,5.53
2025-11-11 13:13:00,A,3,26.0,52.6,7.4
2025-11-11 13:14:00,A,1,23.56,56.11,3.84
2025-11-11 13:14:00,A,2,24.74,54.93,5.98
2025-11-11 13:14:00,A,3,25.92,52.47,7.57
2025-11-11 13:15:00,A,1,23.39,58.79,3.6
2025-11-11 13:15:00,A,2,24.91,55.69,5.81
2025-11-11 13:15:00,A,3,25.91,52.34,7.74
2025-11-11 13:16:00,A,1,23.19,58.19,4.14
2025-11-11 13:16:00,A,2,24.74,57.09,6.1
2025-11-11 13:16:00,A,3,26.26,51.42,7.33
2025-11-11 13:17:00,A,1,23.73,56.33,3.96
2025-11-11 13:17:00,A,2,25.22,52.55,6.22
2025-11-11 13:17:00,A,3,25.33,53.05,7.26
2025-11-11 13:18:00,A,1,23.0,59.03,3.8
2025-11-11 13:18:00,A,2,25.07,52.42,6.03
2025-11-11 13:18:00,A,3,25.87,51.4,7.3
2025-11-11 13:19:00,A,1,23.11,58.54,3.41
2025-11-11 13:19:00,A,2,25.09,52.18,6.15
2025-11-11 13:19:00,A,3,25.53,52.22,7.31
2025-11-11 13:20:00,A,1,23.24,57.4,4.1
2025-11-11 13:20:00,A,2,24.62,53.81,5.87
2025-11-11 13:20:00,A,3,26.3,51.48,7.62
2025-11-11 13:21:00,A,1,22.82,58.76,4.18
2025-11-11 13:21:00,A,2,24.78,54.83,6.19
2025-11-11 13:21:00,A,3,26.17,50.14,7.6
2025-11-11 13:22:00,A,1,22.97,57.41,4.32
2025-11-11 13:22:00,A,2,24.78,54.26,6.02
2025-11-11 13:22:00,A,3,26.29,52.26,7.42
2025-11-11 13:23:00,A,1,23.17,59.61,4.21
2025-11-11 13:23:00,A,2,24.58,57.6,6.05
2025-11-11 13:23:00,A,3,25.91,52.57,7.19
2025-11-11 13:24:00,A,1,23.25,58.0,4.03
2025-11-11 13:24:00,A,2,24.62,54.27,6.14
2025-11-11 13:24:00,A,3,25.81,51.26,7.57
2025-11-11 13:25:00,A,1,23.53,56.63,3.92
2025-11-11 13:25:00,A,2,24.53,54.76,5.55
2025-11-11 13:25:00,A,3,25.42,54.5,7.36
2025-11-11 13:26:00,A,1,23.0,58.09,3.52
2025-11-11 13:26:00,A,2,24.82,53.76,6.01
2025-11-11 13:26:00,A,3,25.82,51.59,7.42
2025-11-11 13:27:00,A,1,24.06,55.11,4.12
2025-11-11 13:27:00,A,2,24.58,53.12,5.83
2025-11-11 13:27:00,A,3,25.7,52.59,7.42
2025-11-11 13:28:00,A,1,23.19,56.83,4.41
2025-11-11 13:28:00,A,2,25.28,54.58,6.21
2025-11-11 13:28:00,A,3,25.65,53.32,7.64
2025-11-11 13:29:00,A,1,23.25,57.7,4.02
2025-11-11 13:29:00,A,2,24.53,56.64,6.0
2025-11-11 13:29:00,A,3,25.33,53.87,8.0
2025-11-11 13:30:00,A,1,23.37,57.51,3.75
2025-11-11 13:30:00,A,2,24.43,54.46,5.93
2025-11-11 13:30:00,A,3,25.82,52.75,7.71
2025-11-11 13:31:00,A,1,23.73,56.78,3.89
2025-11-11 13:31:00,A,2,24.85,53.29,6.19
2025-11-11 13:31:00,A,3,26.01,52.07,7.39
2025-11-11 13:32:00,A,1,22.91,59.03,4.13
2025-11-11 13:32:00,A,2,24.61,55.71,6.18
2025-11-11 13:32:00,A,3,25.18,53.52,7.06
2025-11-11 13:33:00,A,1,23.83,57.99,3.65
2025-11-11 13:33:00,A,2,24.77,54.03,5.85
2025-11-11 13:33:00,A,3,26.24,49.55,7.51
2025-11-11 13:34:00,A,1,22.98,57.33,5.06
2025-11-11 13:34:00,A,2,25.18,53.93,5.65
2025-11-11 13:34:00,A,3,26.09,51.54,7.54
2025-11-11 13:35:00,A,1,22.76,59.13,4.0
2025-11-11 13:35:00,A,2,24.96,53.67,6.04
2025-11-11 13:35:00,A,3,25.8,52.37,7.25
2025-11-11 13:36:00,A,1,23.34,56.27,3.96
2025-11-11 13:36:00,A,2,24.88,55.73,5.68
2025-11-11 13:36:00,A,3,26.1,50.93,7.3
2025-11-11 13:37:00,A,1,23.1,58.34,3.72
2025-11-11 13:37:00,A,2,24.54,55.62,6.1
2025-11-11 13:37:00,A,3,25.7,53.2,7.51
2025-11-11 13:38:00,A,1,23.05,55.46,3.88
2025-11-11 13:38:00,A,2,24.44,55.32,6.02
2025-11-11 13:38:00,A,3,26.04,50.08,7.18
2025-11-11 13:39:00,A,1,23.19,56.99,4.26
2025-11-11 13:39:00,A,2,24.92,53.51,5.94
2025-11-11 13:39:00,A,3,25.21,55.69,7.39
2025-11-11 13:40:00,A,1,23.09,56.59,3.98
2025-11-11 13:40:00,A,2,24.73,53.44,6.07
2025-11-11 13:40:00,A,3,26.06,50.44,7.16
2025-11-11 13:41:00,A,1,22.92,57.77,4.28
2025-11-11 13:41:00,A,2,24.47,54.93,5.95
2025-11-11 13:41:00,A,3,25.47,52.94,7.59
2025-11-11 13:42:00,A,1,23.51,55.51,3.86
2025-11-11 13:42:00,A,2,24.46,54.84,5.89
2025-11-11 13:42:00,A,3,25.76,50.84,7.74
2025-11-11 13:43:00,A,1,23.05,59.18,4.12
2025-11-11 13:43:00,A,2,24.71,54.45,5.62
2025-11-11 13:43:00,A,3,25.59,53.18,7.32
2025-11-11 13:44:00,A,1,23.75,57.83,3.55
2025-11-11 13:44:00,A,2,24.74,55.46,5.78
2025-11-11 13:44:00,A,3,25.53,52.12,7.52
2025-11-11 13:45:00,A,1,23.44,55.81,3.85
2025-11-11 13:45:00,A,2,24.45,55.93,6.21
2025-11-11 13:45:00,A,3,25.65,52.69,7.27
2025-11-11 13:46:00,A,1,23.38,57.65,3.96
2025-11-11 13:46:00,A,2,24.67,53.11,6.07
2025-11-11 13:46:00,A,3,24.99,53.74,7.59
2025-11-11 13:47:00,A,1,23.05,56.9,3.82
2025-11-11 13:47:00,A,2,24.55,56.71,6.13
2025-11-11 13:47:00,A,3,25.51,53.47,7.51
2025-11-11 13:48:00,A,1,23.06,58.35,4.0
2025-11-11 13:48:00,A,2,24.59,54.29,5.79
2025-11-11 13:48:00,A,3,26.11,51.0,7.39
2025-11-11 13:49:00,A,1,23.14,60.29,3.53
2025-11-11 13:49:00,A,2,24.61,55.18,5.37
2025-11-11 13:49:00,A,3,25.35,51.04,7.39
2025-11-11 13:50:00,A,1,22.86,57.67,4.08
2025-11-11 13:50:00,A,2,24.55,54.6,5.88
2025-11-11 13:50:00,A,3,25.5,53.21,7.34
2025-11-11 13:51:00,A,1,23.06,56.99,3.5
2025-11-11 13:51:00,A,2,25.07,53.68,5.74
2025-11-11 13:51:00,A,3,25.53,53.73,7.34
2025-11-11 13:52:00,A,1,22.62,58.75,3.66
2025-11-11 13:52:00,A,2,24.1,57.12,5.42
2025-11-11 13:52:00,A,3,25.62,50.75,7.27
2025-11-11 13:53:00,A,1,23.76,56.0,3.97
2025-11-11 13:53:00,A,2,24.88,51.95,5.77
2025-11-11 13:53:00,A,3,25.84,52.87,7.28
2025-11-11 13:54:00,A,1,23.0,57.6,3.53
2025-11-11 13:54:00,A,2,24.4,54.5,5.6
2025-11-11 13:54:00,A,3,25.77,53.28,7.31
2025-11-11 13:55:00,A,1,23.15,57.76,3.69
2025-11-11 13:55:00,A,2,24.25,56.52,5.24
2025-11-11 13:55:00,A,3,25.88,51.82,7.14
2025-11-11 13:56:00,A,1,22.48,59.43,3.7
2025-11-11 13:56:00,A,2,24.93,54.08,5.66
2025-11-11 13:56:00,A,3,25.61,51.92,7.21
2025-11-11 13:57:00,A,1,23.0,57.31,3.51
2025-11-11 13:57:00,A,2,24.39,55.79,6.18
2025-11-11 13:57:00,A,3,25.79,54.21,6.94
2025-11-11 13:58:00,A,1,22.98,56.23,3.67
2025-11-11 13:58:00,A,2,24.86,52.88,6.0
2025-11-11 13:58:00,A,3,25.94,52.71,7.22
2025-11-11 13:59:00,A,1,23.02,59.03,3.74
2025-11-11 13:59:00,A,2,25.34,52.27,5.48
2025-11-11 13:59:00,A,3,26.0,51.85,6.84
2025-11-11 14:00:00,A,1,23.3,58.31,3.28
2025-11-11 14:00:00,A,2,24.37,56.08,5.28
2025-11-11 14:00:00,A,3,25.47,54.15,6.72
2025-11-11 14:01:00,A,1,23.44,58.16,3.66
2025-11-11 14:01:00,A,2,24.19,57.2,5.5
2025-11-11 14:01:00,A,3,25.09,53.55,6.89
2025-11-11 14:02:00,A,1,23.49,58.11,3.76
2025-11-11 14:02:00,A,2,24.32,53.21,5.48
2025-11-11 14:02:00,A,3,25.61,53.03,7.28
2025-11-11 14:03:00,A,1,22.86,57.78,3.82
2025-11-11 14:03:00,A,2,24.16,54.03,5.77
2025-11-11 14:03:00,A,3,25.65,53.26,7.08
2025-11-11 14:04:00,A,1,22.46,57.31,3.17
2025-11-11 14:04:00,A,2,23.98,55.25,5.27
2025-11-11 14:04:00,A,3,25.88,51.79,7.14
2025-11-11 14:05:00,A,1,22.84,56.8,3.23
2025-11-11 14:05:00,A,2,24.52,55.42,5.59
2025-11-11 14:05:00,A,3,25.34,53.72,6.97
2025-11-11 14:06:00,A,1,23.1,56.54,3.52
2025-11-11 14:06:00,A,2,24.32,56.43,5.55
2025-11-11 14:06:00,A,3,25.43,52.37,7.13
2025-11-11 14:07:00,A,1,23.3,57.11,3.82
2025-11-11 14:07:00,A,2,24.59,55.91,5.36
2025-11-11 14:07:00,A,3,25.1,52.54,7.26
2025-11-11 14:08:00,A,1,23.04,58.27,3.48
2025-11-11 14:08:00,A,2,24.68,56.48,5.39
2025-11-11 14:08:00,A,3,25.7,53.27,7.35
2025-11-11 14:09:00,A,1,22.33,60.33,3.74
2025-11-11 14:09:00,A,2,24.36,55.96,5.56
2025-11-11 14:09:00,A,3,25.25,53.87,6.92
2025-11-11 14:10:00,A,1,23.18,58.22,3.36
2025-11-11 14:10:00,A,2,24.1,56.02,5.54
2025-11-11 14:10:00,A,3,25.99,51.43,7.21
2025-11-11 14:11:00,A,1,22.97,57.64,3.68
2025-11-11 14:11:00,A,2,24.67,56.51,5.61
2025-11-11 14:11:00,A,3,25.71,52.71,7.17
2025-11-11 14:12:00,A,1,22.62,58.56,3.3
2025-11-11 14:12:00,A,2,24.03,55.35,5.25
2025-11-11 14:12:00,A,3,25.94,52.7,6.83
2025-11-11 14:13:00,A,1,23.08,57.44,3.47
2025-11-11 14:13:00,A,2,24.82,53.88,5.35
2025-11-11 14:13:00,A,3,25.83,52.48,6.86
2025-11-11 14:14:00,A,1,23.04,57.67,3.42
2025-11-11 14:14:00,A,2,24.36,55.45,5.17
2025-11-11 14:14:00,A,3,25.55,51.87,6.36
2025-11-11 14:15:00,A,1,23.11,57.57,3.58
2025-11-11 14:15:00,A,2,23.55,57.4,5.16
2025-11-11 14:15:00,A,3,25.63,52.2,6.77
2025-11-11 14:16:00,A,1,22.75,58.43,3.53
2025-11-11 14:16:00,A,2,24.27,53.61,5.27
2025-11-11 14:16:00,A,3,25.01,54.67,6.71
2025-11-11 14:17:00,A,1,23.29,59.45,3.53
2025-11-11 14:17:00,A,2,24.32,54.21,5.19
2025-11-11 14:17:00,A,3,25.4,53.99,6.71
2025-11-11 14:18:00,A,1,23.17,58.24,3.29
2025-11-11 14:18:00,A,2,24.0,57.84,5.25
2025-11-11 14:18:00,A,3,25.99,52.1,6.35
2025-11-11 14:19:00,A,1,22.96,59.66,3.42
2025-11-11 14:19:00,A,2,24.73,54.38,5.08
2025-11-11 14:19:00,A,3,25.06,53.61,6.59
2025-11-11 14:20:00,A,1,23.0,58.16,3.48
2025-11-11 14:20:00,A,2,24.25,54.42,5.42
2025-11-11 14:20:00,A,3,24.86,54.34,6.76
2025-11-11 14:21:00,A,1,22.67,56.82,3.56
2025-11-11 14:21:00,A,2,24.29,54.73,5.71
2025-11-11 14:21:00,A,3,25.64,53.07,6.84
2025-11-11 14:22:00,A,1,22.59,58.04,3.05
2025-11-11 14:22:00,A,2,24.36,53.36,5.24
2025-11-11 14:22:00,A,3,25.08,55.23,6.85
2025-11-11 14:23:00,A,1,22.89,57.54,3.11
2025-11-11 14:23:00,A,2,24.08,54.45,5.46
2025-11-11 14:23:00,A,3,24.79,54.08,6.64
2025-11-11 14:24:00,A,1,23.05,57.47,3.37
2025-11-11 14:24:00,A,2,24.66,54.97,4.92
2025-11-11 14:24:00,A,3,25.41,52.16,6.81
2025-11-11 14:25:00,A,1,22.9,57.82,3.31
2025-11-11 14:25:00,A,2,24.51,55.21,4.99
2025-11-11 14:25:00,A,3,25.51,54.66,9.19
2025-11-11 14:26:00,A,1,22.69,57.95,3.2
2025-11-11 14:26:00,A,2,24.77,53.29,4.91
2025-11-11 14:26:00,A,3,25.59,52.57,6.67
2025-11-11 14:27:00,A,1,22.61,60.42,3.18
2025-11-11 14:27:00,A,2,24.32,55.3,5.27
2025-11-11 14:27:00,A,3,25.84,51.84,6.52
2025-11-11 14:28:00,A,1,23.0,58.14,3.12
2025-11-11 14:28:00,A,2,24.72,54.75,5.13
2025-11-11 14:28:00,A,3,25.15,53.79,6.6
2025-11-11 14:29:00,A,1,22.94,58.64,3.26
2025-11-11 14:29:00,A,2,24.14,56.11,5.33
2025-11-11 14:29:00,A,3,25.6,54.26,6.99
2025-11-11 14:30:00,A,1,23.34,57.28,3.04
2025-11-11 14:30:00,A,2,24.33,56.39,4.88
2025-11-11 14:30:00,A,3,25.72,51.21,6.62
2025-11-11 14:31:00,A,1,23.35,56.43,3.39
2025-11-11 14:31:00,A,2,23.88,55.23,7.64
2025-11-11 14:31:00,A,3,25.47,53.65,6.91
2025-11-11 14:32:00,A,1,22.57,57.56,3.2
2025-11-11 14:32:00,A,2,24.17,54.37,5.21
2025-11-11 14:32:00,A,3,25.15,54.49,6.37
2025-11-11 14:33:00,A,1,22.71,58.18,6.21
2025-11-11 14:33:00,A,2,24.41,55.63,5.02
2025-11-11 14:33:00,A,3,25.37,51.35,6.63
2025-11-11 14:34:00,A,1,23.22,57.1,3.08
2025-11-11 14:34:00,A,2,24.3,56.37,4.81
2025-11-11 14:34:00,A,3,24.99,54.61,6.33
2025-11-11 14:35:00,A,1,22.87,57.7,3.25
2025-11-11 14:35:00,A,2,24.65,55.44,4.57
2025-11-11 14:35:00,A,3,25.29,53.45,6.7
2025-11-11 14:36:00,A,1,22.71,58.53,3.41
2025-11-11 14:36:00,A,2,24.47,56.11,5.19
2025-11-11 14:36:00,A,3,25.72,53.19,6.41
2025-11-11 14:37:00,A,1,22.88,56.74,2.68
2025-11-11 14:37:00,A,2,24.09,56.33,4.9
2025-11-11 14:37:00,A,3,25.17,55.32,6.44
2025-11-11 14:38:00,A,1,22.79,59.74,2.98
2025-11-11 14:38:00,A,2,23.85,55.64,4.88
2025-11-11 14:38:00,A,3,25.5,53.91,6.44
2025-11-11 14:39:00,A,1,22.58,61.41,3.17
2025-11-11 14:39:00,A,2,23.65,56.47,5.09
2025-11-11 14:39:00,A,3,25.38,53.75,6.74
2025-11-11 14:40:00,A,1,23.18,57.76,2.83
2025-11-11 14:40:00,A,2,24.44,57.17,5.22
2025-11-11 14:40:00,A,3,25.55,53.99,6.7
2025-11-11 14:41:00,A,1,22.75,58.9,3.04
2025-11-11 14:41:00,A,2,24.41,55.86,4.73
2025-11-11 14:41:00,A,3,25.42,54.91,6.58
2025-11-11 14:42:00,A,1,22.89,58.26,2.9
2025-11-11 14:42:00,A,2,24.17,55.76,5.02
2025-11-11 14:42:00,A,3,25.56,51.37,6.23
2025-11-11 14:43:00,A,1,23.13,58.31,3.05
2025-11-11 14:43:00,A,2,23.65,57.41,4.92
2025-11-11 14:43:00,A,3,25.17,53.88,6.51
2025-11-11 14:44:00,A,1,22.84,58.25,3.06
2025-11-11 14:44:00,A,2,24.1,55.34,4.88
2025-11-11 14:44:00,A,3,25.35,54.37,6.46
2025-11-11 14:45:00,A,1,22.88,58.95,3.1
2025-11-11 14:45:00,A,2,24.04,57.2,5.01
2025-11-11 14:45:00,A,3,24.83,55.12,6.14
2025-11-11 14:46:00,A,1,22.94,57.01,3.0
2025-11-11 14:46:00,A,2,24.65,54.42,5.18
2025-11-11 14:46:00,A,3,25.49,52.48,6.36
2025-11-11 14:47:00,A,1,22.9,59.11,2.92
2025-11-11 14:47:00,A,2,23.88,56.88,5.24
2025-11-11 14:47:00,A,3,25.31,53.5,6.54
2025-11-11 14:48:00,A,1,23.07,58.84,2.83
2025-11-11 14:48:00,A,2,24.34,55.63,5.0
2025-11-11 14:48:00,A,3,25.29,53.89,6.66
2025-11-11 14:49:00,A,1,22.45,59.64,3.06
2025-11-11 14:49:00,A,2,24.28,55.45,4.96
2025-11-11 14:49:00,A,3,25.14,51.76,6.33
2025-11-11 14:50:00,A,1,23.15,57.52,3.07
2025-11-11 14:50:00,A,2,24.26,54.69,5.24
2025-11-11 14:50:00,A,3,25.03,54.19,6.81
2025-11-11 14:51:00,A,1,23.07,58.18,3.31
2025-11-11 14:51:00,A,2,24.73,54.87,5.34
2025-11-11 14:51:00,A,3,24.85,57.11,6.64
2025-11-11 14:52:00,A,1,23.16,56.66,3.16
2025-11-11 14:52:00,A,2,24.06,55.23,5.11
2025-11-11 14:52:00,A,3,24.57,54.87,7.07
2025-11-11 14:53:00,A,1,22.56,59.6,3.05
2025-11-11 14:53:00,A,2,24.11,55.86,5.17
2025-11-11 14:53:00,A,3,25.09,52.52,6.96
2025-11-11 14:54:00,A,1,23.17,58.37,3.18
2025-11-11 14:54:00,A,2,24.32,57.47,4.82
2025-11-11 14:54:00,A,3,25.12,53.83,6.8
2025-11-11 14:55:00,A,1,22.6,59.78,2.78
2025-11-11 14:55:00,A,2,24.18,55.49,5.16
2025-11-11 14:55:00,A,3,25.75,52.13,6.69
2025-11-11 14:56:00,A,1,22.64,59.59,2.83
2025-11-11 14:56:00,A,2,24.36,55.28,5.21
2025-11-11 14:56:00,A,3,25.15,53.81,6.79
2025-11-11 14:57:00,A,1,22.45,60.65,3.01
2025-11-11 14:57:00,A,2,23.5,56.17,4.58
2025-11-11 14:57:00,A,3,25.28,54.58,6.44
2025-11-11 14:58:00,A,1,22.9,58.96,3.34
2025-11-11 14:58:00,A,2,24.72,55.56,5.08
2025-11-11 14:58:00,A,3,24.83,53.3,6.08
2025-11-11 14:59:00,A,1,23.11,57.8,2.69
2025-11-11 14:59:00,A,2,23.6,56.63,7.32
2025-11-11 14:59:00,A,3,25.03,55.93,6.39
2025-11-11 15:00:00,A,1,22.63,58.06,3.21
2025-11-11 15:00:00,A,2,24.2,55.31,5.32
2025-11-11 15:00:00,A,3,25.39,51.93,6.53
2025-11-11 15:01:00,A,1,22.98,59.53,2.83
2025-11-11 15:01:00,A,2,24.6,56.13,4.95
2025-11-11 15:01:00,A,3,25.02,54.17,6.54
2025-11-11 15:02:00,A,1,22.86,58.61,2.63
2025-11-11 15:02:00,A,2,23.82,54.8,4.89
2025-11-11 15:02:00,A,3,25.32,52.78,6.36
2025-11-11 15:03:00,A,1,22.39,57.01,2.82
2025-11-11 15:03:00,A,2,23.98,55.37,4.86
2025-11-11 15:03:00,A,3,25.19,51.45,6.36
2025-11-11 15:04:00,A,1,22.16,59.27,2.84
2025-11-11 15:04:00,A,2,24.49,55.4,4.9
2025-11-11 15:04:00,A,3,24.87,54.7,6.49
2025-11-11 15:05:00,A,1,22.79,56.44,3.09
2025-11-11 15:05:00,A,2,23.71,55.91,4.91
2025-11-11 15:05:00,A,3,25.27,52.89,6.66
2025-11-11 15:06:00,A,1,22.64,57.87,3.0
2025-11-11 15:06:00,A,2,23.63,55.61,4.8
2025-11-11 15:06:00,A,3,25.06,54.36,6.45
2025-11-11 15:07:00,A,1,22.62,57.62,3.18
2025-11-11 15:07:00,A,2,23.32,56.91,5.15
2025-11-11 15:07:00,A,3,25.05,54.17,6.51
2025-11-11 15:08:00,A,1,21.9,60.89,3.14
2025-11-11 15:08:00,A,2,23.95,56.75,5.12
2025-11-11 15:08:00,A,3,25.19,53.99,6.55
2025-11-11 15:09:00,A,1,23.17,58.41,2.94
2025-11-11 15:09:00,A,2,24.08,55.01,5.13
2025-11-11 15:09:00,A,3,25.6,53.05,6.5
2025-11-11 15:10:00,A,1,22.92,57.44,3.28
2025-11-11 15:10:00,A,2,24.59,53.61,5.31
2025-11-11 15:10:00,A,3,24.86,52.87,6.22
2025-11-11 15:11:00,A,1,22.75,58.72,2.98
2025-11-11 15:11:00,A,2,23.76,57.12,4.83
2025-11-11 15:11:00,A,3,24.86,54.38,6.5
2025-11-11 15:12:00,A,1,22.17,59.1,3.2
2025-11-11 15:12:00,A,2,24.31,54.78,5.11
2025-11-11 15:12:00,A,3,25.36,50.98,6.55
2025-11-11 15:13:00,A,1,22.38,59.82,3.22
2025-11-11 15:13:00,A,2,24.57,53.78,5.25
2025-11-11 15:13:00,A,3,24.94,54.78,6.33
2025-11-11 15:14:00,A,1,22.19,58.93,2.89
2025-11-11 15:14:00,A,2,23.91,55.81,5.3
2025-11-11 15:14:00,A,3,25.29,54.07,6.77
2025-11-11 15:15:00,A,1,22.54,58.18,3.0
2025-11-11 15:15:00,A,2,23.63,57.52,5.19
2025-11-11 15:15:00,A,3,24.66,54.99,6.97
2025-11-11 15:16:00,A,1,22.47,58.14,3.26
2025-11-11 15:16:00,A,2,24.23,56.6,5.3
2025-11-11 15:16:00,A,3,24.74,54.83,6.7
2025-11-11 15:17:00,A,1,22.47,59.29,3.33
2025-11-11 15:17:00,A,2,24.07,55.15,4.98
2025-11-11 15:17:00,A,3,24.87,53.86,6.46
2025-11-11 15:18:00,A,1,22.36,58.99,3.45
2025-11-11 15:18:00,A,2,24.15,55.35,5.06
2025-11-11 15:18:00,A,3,25.36,53.11,6.59
2025-11-11 15:19:00,A,1,22.85,60.3,3.12
2025-11-11 15:19:00,A,2,23.68,55.27,5.38
2025-11-11 15:19:00,A,3,25.04,52.39,6.43
2025-11-11 15:20:00,A,1,22.4,59.83,3.27
2025-11-11 15:20:00,A,2,24.06,56.28,5.18
2025-11-11 15:20:00,A,3,24.7,56.29,6.7
2025-11-11 15:21:00,A,1,22.41,60.78,3.08
2025-11-11 15:21:00,A,2,24.11,56.29,5.08
2025-11-11 15:21:00,A,3,24.97,53.87,6.91
2025-11-11 15:22:00,A,1,21.9,60.59,3.03
2025-11-11 15:22:00,A,2,23.76,58.33,5.32
2025-11-11 15:22:00,A,3,25.08,55.4,6.77
2025-11-11 15:23:00,A,1,22.13,59.58,3.36
2025-11-11 15:23:00,A,2,23.91,54.28,5.14
2025-11-11 15:23:00,A,3,24.73,54.47,6.85
2025-11-11 15:24:00,A,1,22.31,57.23,3.04
2025-11-11 15:24:00,A,2,23.72,58.03,5.44
2025-11-11 15:24:00,A,3,25.36,53.59,6.63
2025-11-11 15:25:00,A,1,22.3,58.88,3.06
2025-11-11 15:25:00,A,2,23.67,56.93,5.2
2025-11-11 15:25:00,A,3,25.29,51.16,6.52
2025-11-11 15:26:00,A,1,22.24,58.6,3.36
2025-11-11 15:26:00,A,2,24.03,56.0,5.5
2025-11-11 15:26:00,A,3,24.9,53.68,6.99
2025-11-11 15:27:00,A,1,22.47,58.81,2.97
2025-11-11 15:27:00,A,2,24.11,54.94,5.1
2025-11-11 15:27:00,A,3,24.81,55.37,6.78
2025-11-11 15:28:00,A,1,22.35,60.15,3.33
2025-11-11 15:28:00,A,2,24.11,55.79,5.29
2025-11-11 15:28:00,A,3,25.13,53.62,6.33
2025-11-11 15:29:00,A,1,22.26,60.05,3.29
2025-11-11 15:29:00,A,2,24.01,55.11,5.29
2025-11-11 15:29:00,A,3,24.91,55.53,6.89
2025-11-11 15:30:00,A,1,22.46,59.67,3.01
2025-11-11 15:30:00,A,2,24.02,56.17,5.28
2025-11-11 15:30:00,A,3,24.75,54.63,6.88
2025-11-11 15:31:00,A,1,22.06,61.83,3.43
2025-11-11 15:31:00,A,2,24.07,54.84,5.3
2025-11-11 15:31:00,A,3,24.56,52.29,6.76
2025-11-11 15:32:00,A,1,21.97,60.81,3.29
2025-11-11 15:32:00,A,2,23.72,58.17,5.41
2025-11-11 15:32:00,A,3,25.16,54.61,7.06
2025-11-11 15:33:00,A,1,22.58,59.22,3.48
2025-11-11 15:33:00,A,2,24.32,57.14,5.19
2025-11-11 15:33:00,A,3,24.9,56.3,6.49
2025-11-11 15:34:00,A,1,22.77,55.56,3.26
2025-11-11 15:34:00,A,2,23.5,55.67,5.79
2025-11-11 15:34:00,A,3,25.4,52.37,7.92
2025-11-11 15:35:00,A,1,22.69,57.89,3.25
2025-11-11 15:35:00,A,2,23.83,55.27,5.46
2025-11-11 15:35:00,A,3,24.64,54.22,6.82
2025-11-11 15:36:00,A,1,22.27,58.46,3.41
2025-11-11 15:36:00,A,2,23.57,57.06,5.41
2025-11-11 15:36:00,A,3,24.72,54.47,7.09
2025-11-11 15:37:00,A,1,22.09,58.59,3.9
2025-11-11 15:37:00,A,2,23.86,55.64,5.46
2025-11-11 15:37:00,A,3,24.88,53.66,6.77
2025-11-11 15:38:00,A,1,22.53,59.85,3.62
2025-11-11 15:38:00,A,2,23.77,55.33,5.36
2025-11-11 15:38:00,A,3,25.44,52.13,6.66
2025-11-11 15:39:00,A,1,22.31,59.82,3.53
2025-11-11 15:39:00,A,2,23.33,58.43,5.39
2025-11-11 15:39:00,A,3,25.03,53.58,6.44
2025-11-11 15:40:00,A,1,22.58,58.65,3.3
2025-11-11 15:40:00,A,2,24.1,56.25,5.41
2025-11-11 15:40:00,A,3,24.84,54.52,7.1
2025-11-11 15:41:00,A,1,22.65,57.47,3.87
2025-11-11 15:41:00,A,2,24.18,56.24,5.27
2025-11-11 15:41:00,A,3,25.11,54.17,6.95
2025-11-11 15:42:00,A,1,22.0,59.76,3.48
2025-11-11 15:42:00,A,2,24.09,57.24,5.71
2025-11-11 15:42:00,A,3,24.97,54.19,7.45
2025-11-11 15:43:00,A,1,21.66,60.12,3.81
2025-11-11 15:43:00,A,2,24.24,55.96,5.39
2025-11-11 15:43:00,A,3,25.07,53.08,6.95
2025-11-11 15:44:00,A,1,21.75,60.72,3.63
2025-11-11 15:44:00,A,2,23.67,57.79,5.46
2025-11-11 15:44:00,A,3,24.91,54.41,7.1
2025-11-11 15:45:00,A,1,22.42,59.85,3.73
2025-11-11 15:45:00,A,2,23.7,57.83,5.54
2025-11-11 15:45:00,A,3,24.71,54.81,7.1
2025-11-11 15:46:00,A,1,22.53,59.18,3.22
2025-11-11 15:46:00,A,2,23.4,55.49,5.53
2025-11-11 15:46:00,A,3,25.0,53.42,7.19
2025-11-11 15:47:00,A,1,22.19,60.33,3.75
2025-11-11 15:47:00,A,2,23.95,57.14,5.58
2025-11-11 15:47:00,A,3,24.78,54.2,6.78
2025-11-11 15:48:00,A,1,21.93,59.41,3.33
2025-11-11 15:48:00,A,2,24.15,57.13,5.79
2025-11-11 15:48:00,A,3,24.68,53.46,7.15
2025-11-11 15:49:00,A,1,22.6,58.86,3.52
2025-11-11 15:49:00,A,2,23.51,56.15,5.6
2025-11-11 15:49:00,A,3,25.15,54.5,7.08
2025-11-11 15:50:00,A,1,22.27,60.22,3.33
2025-11-11 15:50:00,A,2,23.88,55.97,5.4
2025-11-11 15:50:00,A,3,24.93,55.18,7.35
2025-11-11 15:51:00,A,1,22.16,60.92,3.94
2025-11-11 15:51:00,A,2,23.86,54.3,5.82
2025-11-11 15:51:00,A,3,24.86,53.82,7.24
2025-11-11 15:52:00,A,1,22.7,58.88,3.69
2025-11-11 15:52:00,A,2,23.84,56.86,6.07
2025-11-11 15:52:00,A,3,24.91,55.09,7.21
2025-11-11 15:53:00,A,1,22.55,57.88,3.68
2025-11-11 15:53:00,A,2,23.84,56.66,5.9
2025-11-11 15:53:00,A,3,25.13,54.96,9.65
2025-11-11 15:54:00,A,1,22.22,59.04,4.05
2025-11-11 15:54:00,A,2,23.68,56.14,5.87
2025-11-11 15:54:00,A,3,24.71,53.99,7.1
2025-11-11 15:55:00,A,1,22.42,59.01,3.87
2025-11-11 15:55:00,A,2,24.01,54.56,5.72
2025-11-11 15:55:00,A,3,25.15,53.09,7.4
2025-11-11 15:56:00,A,1,21.74,60.99,3.63
2025-11-11 15:56:00,A,2,23.79,56.98,5.85
2025-11-11 15:56:00,A,3,25.1,55.16,7.0
2025-11-11 15:57:00,A,1,21.94,60.1,4.01
2025-11-11 15:57:00,A,2,24.03,56.37,5.92
2025-11-11 15:57:00,A,3,24.57,54.61,7.11
2025-11-11 15:58:00,A,1,22.17,58.84,5.04
2025-11-11 15:58:00,A,2,24.06,56.07,5.69
2025-11-11 15:58:00,A,3,24.85,53.52,7.22
2025-11-11 15:59:00,A,1,22.23,59.67,3.76
2025-11-11 15:59:00,A,2,23.93,54.65,5.75
2025-11-11 15:59:00,A,3,25.25,52.39,7.56
2025-11-11 16:00:00,A,1,21.96,58.05,3.78
2025-11-11 16:00:00,A,2,23.65,59.98,5.61
2025-11-11 16:00:00,A,3,24.7,54.15,7.3
2025-11-11 16:01:00,A,1,22.5,59.81,3.77
2025-11-11 16:01:00,A,2,24.04,56.97,5.55
2025-11-11 16:01:00,A,3,25.01,55.28,7.13
2025-11-11 16:02:00,A,1,22.22,60.67,4.0
2025-11-11 16:02:00,A,2,23.58,58.18,5.66
2025-11-11 16:02:00,A,3,24.78,54.45,7.59
2025-11-11 16:03:00,A,1,22.27,57.29,3.73
2025-11-11 16:03:00,A,2,24.35,54.45,5.72
2025-11-11 16:03:00,A,3,24.63,54.12,7.2
2025-11-11 16:04:00,A,1,22.85,59.46,3.62
2025-11-11 16:04:00,A,2,23.91,54.51,5.81
2025-11-11 16:04:00,A,3,24.34,53.65,7.34
2025-11-11 16:05:00,A,1,22.84,57.95,3.89
2025-11-11 16:05:00,A,2,23.82,57.01,5.74
2025-11-11 16:05:00,A,3,24.75,54.39,7.03
2025-11-11 16:06:00,A,1,22.29,60.01,3.81
2025-11-11 16:06:00,A,2,24.07,54.54,5.93
2025-11-11 16:06:00,A,3,25.13,53.69,7.65
2025-11-11 16:07:00,A,1,21.94,59.78,3.9
2025-11-11 16:07:00,A,2,23.84,55.15,5.71
2025-11-11 16:07:00,A,3,24.59,53.5,7.6
2025-11-11 16:08:00,A,1,22.9,57.06,3.64
2025-11-11 16:08:00,A,2,24.03,56.09,5.65
2025-11-11 16:08:00,A,3,24.63,53.95,7.12
2025-11-11 16:09:00,A,1,22.51,59.95,4.1
2025-11-11 16:09:00,A,2,23.61,58.53,6.05
2025-11-11 16:09:00,A,3,24.73,55.76,7.13
2025-11-11 16:10:00,A,1,21.65,63.06,4.01
2025-11-11 16:10:00,A,2,23.77,57.39,5.87
2025-11-11 16:10:00,A,3,24.54,54.8,7.19
2025-11-11 16:11:00,A,1,22.14,59.08,3.98
2025-11-11 16:11:00,A,2,23.68,55.64,6.15
2025-11-11 16:11:00,A,3,24.69,54.87,7.44
2025-11-11 16:12:00,A,1,21.95,61.47,3.79
2025-11-11 16:12:00,A,2,23.51,55.88,5.75
2025-11-11 16:12:00,A,3,25.03,54.32,7.31
2025-11-11 16:13:00,A,1,22.38,59.43,3.99
2025-11-11 16:13:00,A,2,23.63,55.98,5.81
2025-11-11 16:13:00,A,3,25.08,54.96,7.56
2025-11-11 16:14:00,A,1,21.96,60.61,3.98
2025-11-11 16:14:00,A,2,23.62,57.61,5.68
2025-11-11 16:14:00,A,3,24.74,54.36,7.56
2025-11-11 16:15:00,A,1,22.07,60.13,4.11
2025-11-11 16:15:00,A,2,24.01,55.01,5.76
2025-11-11 16:15:00,A,3,24.76,55.57,7.45
2025-11-11 16:16:00,A,1,22.4,59.26,4.32
2025-11-11 16:16:00,A,2,23.61,59.14,5.7
2025-11-11 16:16:00,A,3,24.51,55.63,7.31
2025-11-11 16:17:00,A,1,22.49,59.41,3.75
2025-11-11 16:17:00,A,2,23.66,55.95,5.97
2025-11-11 16:17:00,A,3,24.34,55.32,7.78
2025-11-11 16:18:00,A,1,21.94,60.51,4.41
2025-11-11 16:18:00,A,2,23.65,56.45,6.2
2025-11-11 16:18:00,A,3,25.4,51.86,7.47
2025-11-11 16:19:00,A,1,22.1,61.79,3.91
2025-11-11 16:19:00,A,2,24.06,54.7,6.12
2025-11-11 16:19:00,A,3,24.76,55.38,7.65
2025-11-11 16:20:00,A,1,22.02,60.58,4.04
2025-11-11 16:20:00,A,2,23.52,56.77,5.94
2025-11-11 16:20:00,A,3,25.03,51.97,7.35
2025-11-11 16:21:00,A,1,22.45,57.47,4.06
2025-11-11 16:21:00,A,2,23.43,58.46,6.28
2025-11-11 16:21:00,A,3,25.1,52.94,7.46
2025-11-11 16:22:00,A,1,22.24,59.59,3.92
2025-11-11 16:22:00,A,2,23.43,56.73,6.05
2025-11-11 16:22:00,A,3,24.76,54.32,7.19
2025-11-11 16:23:00,A,1,22.16,60.5,3.81
2025-11-11 16:23:00,A,2,24.02,55.97,6.16
2025-11-11 16:23:00,A,3,25.02,56.18,7.31
2025-11-11 16:24:00,A,1,22.51,58.85,4.2
2025-11-11 16:24:00,A,2,23.51,57.08,5.83
2025-11-11 16:24:00,A,3,24.36,54.56,7.46
2025-11-11 16:25:00,A,1,22.4,58.57,3.68
2025-11-11 16:25:00,A,2,23.38,56.09,5.72
2025-11-11 16:25:00,A,3,24.86,53.94,7.44
2025-11-11 16:26:00,A,1,22.11,59.73,3.76
2025-11-11 16:26:00,A,2,23.82,56.92,6.2
2025-11-11 16:26:00,A,3,24.91,53.39,7.79
2025-11-11 16:27:00,A,1,21.92,60.4,3.97
2025-11-11 16:27:00,A,2,23.41,56.44,6.3
2025-11-11 16:27:00,A,3,24.14,57.63,7.44
2025-11-11 16:28:00,A,1,23.16,59.3,4.43
2025-11-11 16:28:00,A,2,23.6,56.31,5.69
2025-11-11 16:28:00,A,3,24.91,53.43,7.58
2025-11-11 16:29:00,A,1,22.24,61.61,3.83
2025-11-11 16:29:00,A,2,23.76,57.09,5.56
2025-11-11 16:29:00,A,3,24.69,53.55,7.51
2025-11-11 16:30:00,A,1,22.19,59.39,3.98
2025-11-11 16:30:00,A,2,23.52,56.99,6.04
2025-11-11 16:30:00,A,3,24.83,54.92,7.39
2025-11-11 16:31:00,A,1,22.23,59.75,3.82
2025-11-11 16:31:00,A,2,23.67,56.35,5.82
2025-11-11 16:31:00,A,3,24.91,55.8,7.78
2025-11-11 16:32:00,A,1,22.56,59.44,4.26
2025-11-11 16:32:00,A,2,23.66,57.71,5.77
2025-11-11 16:32:00,A,3,24.83,54.1,7.28
2025-11-11 16:33:00,A,1,21.97,61.32,3.97
2025-11-11 16:33:00,A,2,23.53,56.04,6.24
2025-11-11 16:33:00,A,3,25.4,53.68,7.35
2025-11-11 16:34:00,A,1,22.12,59.67,4.16
2025-11-11 16:34:00,A,2,23.54,57.2,5.87
2025-11-11 16:34:00,A,3,25.34,53.47,7.63
2025-11-11 16:35:00,A,1,21.95,60.44,4.07
2025-11-11 16:35:00,A,2,23.76,56.46,5.91
2025-11-11 16:35:00,A,3,24.31,54.3,7.64
2025-11-11 16:36:00,A,1,22.41,60.49,3.79
2025-11-11 16:36:00,A,2,23.77,57.0,6.42
2025-11-11 16:36:00,A,3,24.04,56.42,7.91
2025-11-11 16:37:00,A,1,22.25,57.87,3.73
2025-11-11 16:37:00,A,2,23.89,56.29,5.88
2025-11-11 16:37:00,A,3,24.17,55.96,7.9
2025-11-11 16:38:00,A,1,22.48,60.55,3.96
2025-11-11 16:38:00,A,2,23.31,56.14,5.86
2025-11-11 16:38:00,A,3,25.03,53.63,7.27
2025-11-11 16:39:00,A,1,22.79,58.92,3.77
2025-11-11 16:39:00,A,2,23.53,57.98,5.78
2025-11-11 16:39:00,A,3,24.7,53.76,7.57
2025-11-11 16:40:00,A,1,21.56,59.58,4.04
2025-11-11 16:40:00,A,2,23.79,54.18,6.23
2025-11-11 16:40:00,A,3,25.24,53.28,7.23
2025-11-11 16:41:00,A,1,22.0,59.97,3.7
2025-11-11 16:41:00,A,2,23.48,56.63,6.06
2025-11-11 16:41:00,A,3,25.07,54.01,7.41
2025-11-11 16:42:00,A,1,22.35,59.84,4.23
2025-11-11 16:42:00,A,2,23.3,57.61,6.07
2025-11-11 16:42:00,A,3,24.32,57.33,7.39
2025-11-11 16:43:00,A,1,21.98,60.89,3.78
2025-11-11 16:43:00,A,2,23.39,56.68,6.06
2025-11-11 16:43:00,A,3,24.89,53.69,7.48
2025-11-11 16:44:00,A,1,22.62,59.33,3.9
2025-11-11 16:44:00,A,2,23.54,56.07,5.88
2025-11-11 16:44:00,A,3,24.76,53.74,7.54
2025-11-11 16:45:00,A,1,22.53,58.17,3.87
2025-11-11 16:45:00,A,2,23.46,57.04,5.8
2025-11-11 16:45:00,A,3,25.24,54.46,7.22
2025-11-11 16:46:00,A,1,22.08,59.6,4.0
2025-11-11 16:46:00,A,2,24.06,55.76,5.92
2025-11-11 16:46:00,A,3,24.95,54.76,7.31
2025-11-11 16:47:00,A,1,21.92,60.41,3.72
2025-11-11 16:47:00,A,2,24.14,54.19,5.79
2025-11-11 16:47:00,A,3,24.58,55.6,7.32
2025-11-11 16:48:00,A,1,22.28,61.12,3.74
2025-11-11 16:48:00,A,2,23.08,58.12,6.03
2025-11-11 16:48:00,A,3,24.4,54.24,7.45
2025-11-11 16:49:00,A,1,22.4,59.65,3.89
2025-11-11 16:49:00,A,2,23.83,56.95,5.71
2025-11-11 16:49:00,A,3,25.01,53.24,7.17
2025-11-11 16:50:00,A,1,21.95,59.83,3.68
2025-11-11 16:50:00,A,2,23.44,56.83,6.77
2025-11-11 16:50:00,A,3,24.64,54.29,7.71
2025-11-11 16:51:00,A,1,22.02,60.99,3.85
2025-11-11 16:51:00,A,2,23.67,58.02,5.87
2025-11-11 16:51:00,A,3,25.11,55.15,7.4
2025-11-11 16:52:00,A,1,22.51,58.73,4.33
2025-11-11 16:52:00,A,2,23.67,56.34,5.8
2025-11-11 16:52:00,A,3,24.67,54.07,7.03
2025-11-11 16:53:00,A,1,22.27,60.64,3.8
2025-11-11 16:53:00,A,2,23.84,55.05,5.61
2025-11-11 16:53:00,A,3,24.63,53.53,7.32
2025-11-11 16:54:00,A,1,22.16,60.16,3.9
2025-11-11 16:54:00,A,2,23.44,56.21,6.12
2025-11-11 16:54:00,A,3,24.4,54.74,7.31
2025-11-11 16:55:00,A,1,22.88,57.93,3.95
2025-11-11 16:55:00,A,2,23.68,56.22,5.64
2025-11-11 16:55:00,A,3,24.31,56.74,7.33
2025-11-11 16:56:00,A,1,21.46,60.45,4.01
2025-11-11 16:56:00,A,2,23.78,55.65,5.94
2025-11-11 16:56:00,A,3,24.53,55.58,6.96
2025-11-11 16:57:00,A,1,22.36,59.8,3.85
2025-11-11 16:57:00,A,2,23.48,55.92,5.99
2025-11-11 16:57:00,A,3,24.38,54.63,7.21
2025-11-11 16:58:00,A,1,21.79,60.92,3.47
2025-11-11 16:58:00,A,2,22.96,58.45,5.61
2025-11-11 16:58:00,A,3,24.5,55.69,8.72
2025-11-11 16:59:00,A,1,22.14,60.0,3.55
2025-11-11 16:59:00,A,2,23.58,55.23,5.71
2025-11-11 16:59:00,A,3,24.39,55.06,7.22
2025-11-11 17:00:00,A,1,22.03,60.37,3.57
2025-11-11 17:00:00,A,2,23.25,58.36,5.63
2025-11-11 17:00:00,A,3,24.73,55.56,7.13
2025-11-11 17:01:00,A,1,21.96,60.63,3.97
2025-11-11 17:01:00,A,2,23.71,58.19,5.74
2025-11-11 17:01:00,A,3,25.2,54.28,7.45
2025-11-11 17:02:00,A,1,21.82,62.0,6.17
2025-11-11 17:02:00,A,2,23.14,57.94,5.87
2025-11-11 17:02:00,A,3,24.41,53.55,7.01
2025-11-11 17:03:00,A,1,21.63,60.11,3.47
2025-11-11 17:03:00,A,2,24.27,56.45,5.82
2025-11-11 17:03:00,A,3,24.44,56.02,7.64
2025-11-11 17:04:00,A,1,21.89,59.03,3.56
2025-11-11 17:04:00,A,2,23.78,54.91,5.88
2025-11-11 17:04:00,A,3,24.71,55.17,7.04
2025-11-11 17:05:00,A,1,21.8,60.09,3.93
2025-11-11 17:05:00,A,2,23.22,56.56,5.32
2025-11-11 17:05:00,A,3,24.56,55.11,7.13
2025-11-11 17:06:00,A,1,22.36,58.18,3.6
2025-11-11 17:06:00,A,2,23.2,56.98,6.04
2025-11-11 17:06:00,A,3,25.74,52.46,7.49
2025-11-11 17:07:00,A,1,22.51,58.65,3.53
2025-11-11 17:07:00,A,2,23.63,56.46,5.9
2025-11-11 17:07:00,A,3,24.26,57.06,6.73
2025-11-11 17:08:00,A,1,21.93,59.86,3.79
2025-11-11 17:08:00,A,2,23.73,56.64,5.64
2025-11-11 17:08:00,A,3,24.87,55.55,7.39
2025-11-11 17:09:00,A,1,22.17,58.89,3.43
2025-11-11 17:09:00,A,2,23.65,55.74,5.31
2025-11-11 17:09:00,A,3,24.29,56.73,7.18
2025-11-11 17:10:00,A,1,22.24,59.45,3.62
2025-11-11 17:10:00,A,2,23.7,57.61,5.77
2025-11-11 17:10:00,A,3,24.67,54.86,6.94
2025-11-11 17:11:00,A,1,21.97,61.54,3.55
2025-11-11 17:11:00,A,2,23.98,55.86,5.56
2025-11-11 17:11:00,A,3,24.89,53.75,6.54
2025-11-11 17:12:00,A,1,21.97,59.61,3.5
2025-11-11 17:12:00,A,2,23.42,56.26,5.36
2025-11-11 17:12:00,A,3,24.23,54.92,7.21
2025-11-11 17:13:00,A,1,22.29,59.91,3.57
2025-11-11 17:13:00,A,2,23.25,58.8,5.25
2025-11-11 17:13:00,A,3,24.75,51.66,7.13
2025-11-11 17:14:00,A,1,21.73,61.69,3.71
2025-11-11 17:14:00,A,2,23.72,58.53,5.59
2025-11-11 17:14:00,A,3,24.45,57.23,6.71
2025-11-11 17:15:00,A,1,21.96,59.23,3.41
2025-11-11 17:15:00,A,2,23.57,56.2,5.32
2025-11-11 17:15:00,A,3,24.63,54.56,6.73
2025-11-11 17:16:00,A,1,21.92,60.98,3.46
2025-11-11 17:16:00,A,2,23.37,57.91,5.7
2025-11-11 17:16:00,A,3,24.88,53.72,6.95
2025-11-11 17:17:00,A,1,22.11,59.48,3.44
2025-11-11 17:17:00,A,2,23.36,56.55,5.58
2025-11-11 17:17:00,A,3,24.37,53.96,7.24
2025-11-11 17:18:00,A,1,22.36,60.0,3.39
2025-11-11 17:18:00,A,2,23.55,58.52,5.41
2025-11-11 17:18:00,A,3,24.78,53.94,7.12
2025-11-11 17:19:00,A,1,21.84,61.43,3.54
2025-11-11 17:19:00,A,2,23.43,56.58,5.42
2025-11-11 17:19:00,A,3,24.81,53.89,6.9
2025-11-11 17:20:00,A,1,22.01,61.27,3.04
2025-11-11 17:20:00,A,2,23.68,56.31,5.42
2025-11-11 17:20:00,A,3,24.53,55.19,6.83
2025-11-11 17:21:00,A,1,22.12,60.14,2.98
2025-11-11 17:21:00,A,2,24.09,55.21,5.77
2025-11-11 17:21:00,A,3,24.41,53.74,6.9
2025-11-11 17:22:00,A,1,22.29,59.25,3.25
2025-11-11 17:22:00,A,2,23.46,57.15,5.31
2025-11-11 17:22:00,A,3,24.13,55.34,7.25
2025-11-11 17:23:00,A,1,21.99,60.9,3.07
2025-11-11 17:23:00,A,2,23.9,53.98,5.68
2025-11-11 17:23:00,A,3,25.0,52.87,6.99
2025-11-11 17:24:00,A,1,21.96,59.1,3.55
2025-11-11 17:24:00,A,2,23.38,55.91,5.33
2025-11-11 17:24:00,A,3,24.79,53.92,7.02
2025-11-11 17:25:00,A,1,22.27,59.72,3.66
2025-11-11 17:25:00,A,2,23.84,55.44,5.05
2025-11-11 17:25:00,A,3,24.85,54.31,6.96
2025-11-11 17:26:00,A,1,21.9,58.85,3.54
2025-11-11 17:26:00,A,2,23.77,56.44,5.52
2025-11-11 17:26:00,A,3,24.57,54.15,7.0
2025-11-11 17:27:00,A,1,21.97,59.87,3.19
2025-11-11 17:27:00,A,2,23.03,57.85,5.76
2025-11-11 17:27:00,A,3,24.48,56.51,6.83
2025-11-11 17:28:00,A,1,21.41,61.88,3.38
2025-11-11 17:28:00,A,2,23.63,56.31,5.21
2025-11-11 17:28:00,A,3,24.07,55.49,6.72
2025-11-11 17:29:00,A,1,22.39,58.15,3.33
2025-11-11 17:29:00,A,2,23.53,55.18,8.37
2025-11-11 17:29:00,A,3,24.46,53.05,6.86
2025-11-11 17:30:00,A,1,22.03,59.5,3.25
2025-11-11 17:30:00,A,2,23.2,56.16,5.5
2025-11-11 17:30:00,A,3,24.57,54.52,7.01
2025-11-11 17:31:00,A,1,21.9,60.08,3.12
2025-11-11 17:31:00,A,2,23.92,55.43,5.41
2025-11-11 17:31:00,A,3,24.53,54.97,6.83
2025-11-11 17:32:00,A,1,21.93,59.73,3.42
2025-11-11 17:32:00,A,2,23.47,58.14,5.4
2025-11-11 17:32:00,A,3,24.49,55.3,6.64
2025-11-11 17:33:00,A,1,21.96,59.52,3.17
2025-11-11 17:33:00,A,2,24.1,55.93,5.4
2025-11-11 17:33:00,A,3,24.23,55.93,6.92
2025-11-11 17:34:00,A,1,22.23,58.56,3.2
2025-11-11 17:34:00,A,2,23.71,56.05,5.21
2025-11-11 17:34:00,A,3,24.84,54.81,6.67
2025-11-11 17:35:00,A,1,21.85,59.62,3.18
2025-11-11 17:35:00,A,2,23.7,54.55,5.19
2025-11-11 17:35:00,A,3,24.58,53.96,6.75
2025-11-11 17:36:00,A,1,21.76,60.65,3.31
2025-11-11 17:36:00,A,2,23.69,56.3,4.83
2025-11-11 17:36:00,A,3,24.82,53.64,6.42
2025-11-11 17:37:00,A,1,21.95,59.64,3.06
2025-11-11 17:37:00,A,2,23.43,58.33,5.28
2025-11-11 17:37:00,A,3,24.73,55.09,6.79
2025-11-11 17:38:00,A,1,22.04,59.95,3.15
2025-11-11 17:38:00,A,2,24.18,55.41,5.2
2025-11-11 17:38:00,A,3,24.53,54.63,6.92
2025-11-11 17:39:00,A,1,21.98,60.4,3.18
2025-11-11 17:39:00,A,2,23.45,56.91,4.84
2025-11-11 17:39:00,A,3,24.73,55.81,6.62
2025-11-11 17:40:00,A,1,22.55,59.77,3.07
2025-11-11 17:40:00,A,2,23.54,56.44,5.34
2025-11-11 17:40:00,A,3,24.59,55.37,6.29
2025-11-11 17:41:00,A,1,21.66,61.08,3.0
2025-11-11 17:41:00,A,2,23.74,55.68,5.21
2025-11-11 17:41:00,A,3,24.83,54.93,6.57
2025-11-11 17:42:00,A,1,22.26,59.93,3.14
2025-11-11 17:42:00,A,2,24.05,54.62,5.05
2025-11-11 17:42:00,A,3,25.08,53.27,6.92
2025-11-11 17:43:00,A,1,21.75,60.15,3.15
2025-11-11 17:43:00,A,2,23.72,55.66,4.88
2025-11-11 17:43:00,A,3,24.82,54.42,6.48
2025-11-11 17:44:00,A,1,21.9,60.59,2.78
2025-11-11 17:44:00,A,2,23.3,56.81,5.03
2025-11-11 17:44:00,A,3,24.13,55.67,6.68
2025-11-11 17:45:00,A,1,22.37,61.05,3.09
2025-11-11 17:45:00,A,2,23.6,56.54,5.42
2025-11-11 17:45:00,A,3,24.1,54.01,6.43
2025-11-11 17:46:00,A,1,22.19,59.99,2.92
2025-11-11 17:46:00,A,2,23.78,57.26,5.07
2025-11-11 17:46:00,A,3,25.11,55.27,6.35
2025-11-11 17:47:00,A,1,21.75,61.05,3.06
2025-11-11 17:47:00,A,2,23.53,56.77,5.03
2025-11-11 17:47:00,A,3,24.75,53.57,6.22
2025-11-11 17:48:00,A,1,22.0,60.18,2.81
2025-11-11 17:48:00,A,2,22.85,59.13,5.08
2025-11-11 17:48:00,A,3,24.77,54.13,6.14
2025-11-11 17:49:00,A,1,22.22,59.82,2.86
2025-11-11 17:49:00,A,2,23.6,56.96,4.86
2025-11-11 17:49:00,A,3,24.54,57.66,6.57
2025-11-11 17:50:00,A,1,21.96,60.79,3.01
2025-11-11 17:50:00,A,2,23.15,57.68,4.93
2025-11-11 17:50:00,A,3,24.59,54.84,6.42
2025-11-11 17:51:00,A,1,21.85,59.36,3.0
2025-11-11 17:51:00,A,2,23.54,55.83,5.05
2025-11-11 17:51:00,A,3,24.22,54.84,6.73
2025-11-11 17:52:00,A,1,21.99,59.08,2.57
2025-11-11 17:52:00,A,2,23.47,57.22,4.98
2025-11-11 17:52:00,A,3,24.44,54.34,6.59
2025-11-11 17:53:00,A,1,22.63,57.56,3.14
2025-11-11 17:53:00,A,2,23.35,57.63,5.35
2025-11-11 17:53:00,A,3,24.47,55.83,6.8
2025-11-11 17:54:00,A,1,22.28,60.9,3.31
2025-11-11 17:54:00,A,2,23.79,57.8,5.22
2025-11-11 17:54:00,A,3,24.58,56.33,6.27
2025-11-11 17:55:00,A,1,22.04,60.77,3.2
2025-11-11 17:55:00,A,2,23.64,56.28,5.09
2025-11-11 17:55:00,A,3,24.5,55.38,6.37
2025-11-11 17:56:00,A,1,21.92,60.89,3.05
2025-11-11 17:56:00,A,2,23.57,55.81,4.77
2025-11-11 17:56:00,A,3,24.69,53.81,6.55
2025-11-11 17:57:00,A,1,22.15,59.22,3.32
2025-11-11 17:57:00,A,2,23.65,56.11,5.1
2025-11-11 17:57:00,A,3,24.02,55.37,6.59
2025-11-11 17:58:00,A,1,22.47,60.17,2.68
2025-11-11 17:58:00,A,2,23.71,55.17,5.05
2025-11-11 17:58:00,A,3,24.45,56.69,6.61
2025-11-11 17:59:00,A,1,22.74,57.38,2.89
2025-11-11 17:59:00,A,2,23.72,56.47,4.96
2025-11-11 17:59:00,A,3,24.54,56.81,6.34
2025-11-11 18:00:00,A,1,21.67,59.98,3.24
2025-11-11 18:00:00,A,2,23.84,57.2,4.9
2025-11-11 18:00:00,A,3,25.18,55.18,6.35
2025-11-11 18:01:00,A,1,22.13,60.15,3.03
2025-11-11 18:01:00,A,2,23.61,56.94,4.92
2025-11-11 18:01:00,A,3,24.86,54.62,6.57
2025-11-11 18:02:00,A,1,21.83,60.3,3.08
2025-11-11 18:02:00,A,2,23.01,57.5,5.37
2025-11-11 18:02:00,A,3,24.82,53.0,6.48
2025-11-11 18:03:00,A,1,21.73,60.59,2.84
2025-11-11 18:03:00,A,2,23.9,55.84,5.04
2025-11-11 18:03:00,A,3,24.44,54.77,6.49
2025-11-11 18:04:00,A,1,21.75,60.62,3.1
2025-11-11 18:04:00,A,2,23.53,55.19,4.86
2025-11-11 18:04:00,A,3,24.49,55.56,6.66
2025-11-11 18:05:00,A,1,22.05,60.58,2.62
2025-11-11 18:05:00,A,2,23.85,57.81,5.31
2025-11-11 18:05:00,A,3,24.96,54.8,6.33
2025-11-11 18:06:00,A,1,22.45,59.62,2.9
2025-11-11 18:06:00,A,2,23.74,57.31,4.96
2025-11-11 18:06:00,A,3,24.26,55.06,6.68
2025-11-11 18:07:00,A,1,22.42,59.76,2.57
2025-11-11 18:07:00,A,2,23.53,55.18,4.61
2025-11-11 18:07:00,A,3,24.94,54.37,6.2
2025-11-11 18:08:00,A,1,22.46,59.34,3.33
2025-11-11 18:08:00,A,2,23.31,57.4,4.82
2025-11-11 18:08:00,A,3,24.63,54.06,6.35
2025-11-11 18:09:00,A,1,22.19,60.63,3.14
2025-11-11 18:09:00,A,2,23.52,57.94,5.18
2025-11-11 18:09:00,A,3,24.54,56.16,6.45
2025-11-11 18:10:00,A,1,21.64,61.23,2.96
2025-11-11 18:10:00,A,2,24.04,56.11,5.07
2025-11-11 18:10:00,A,3,25.0,53.35,6.55
2025-11-11 18:11:00,A,1,22.49,57.54,2.88
2025-11-11 18:11:00,A,2,23.67,57.1,5.1
2025-11-11 18:11:00,A,3,24.54,55.21,6.41
2025-11-11 18:12:00,A,1,22.43,57.64,2.7
2025-11-11 18:12:00,A,2,23.29,57.03,5.09
2025-11-11 18:12:00,A,3,24.44,56.22,6.4
2025-11-11 18:13:00,A,1,22.08,60.61,2.92
2025-11-11 18:13:00,A,2,24.21,56.36,5.08
2025-11-11 18:13:00,A,3,24.58,54.43,6.71
2025-11-11 18:14:00,A,1,21.6,60.32,3.19
2025-11-11 18:14:00,A,2,23.81,57.29,5.23
2025-11-11 18:14:00,A,3,24.94,52.68,6.56
2025-11-11 18:15:00,A,1,21.91,58.12,3.43
2025-11-11 18:15:00,A,2,24.13,56.57,5.42
2025-11-11 18:15:00,A,3,25.17,54.08,6.37
2025-11-11 18:16:00,A,1,22.01,59.46,3.07
2025-11-11 18:16:00,A,2,23.23,57.65,5.3
2025-11-11 18:16:00,A,3,24.4,54.75,6.52
2025-11-11 18:17:00,A,1,21.66,60.45,3.01
2025-11-11 18:17:00,A,2,23.24,58.63,4.81
2025-11-11 18:17:00,A,3,24.49,53.46,6.47
2025-11-11 18:18:00,A,1,22.18,60.13,2.9
2025-11-11 18:18:00,A,2,23.19,57.96,4.8
2025-11-11 18:18:00,A,3,24.51,54.5,6.55
2025-11-11 18:19:00,A,1,22.28,60.25,2.66
2025-11-11 18:19:00,A,2,23.98,56.2,5.04
2025-11-11 18:19:00,A,3,24.93,54.21,6.6
2025-11-11 18:20:00,A,1,22.12,59.05,3.36
2025-11-11 18:20:00,A,2,23.39,55.23,5.24
2025-11-11 18:20:00,A,3,24.77,54.59,6.39
2025-11-11 18:21:00,A,1,22.05,58.75,3.03
2025-11-11 18:21:00,A,2,23.13,58.28,5.09
2025-11-11 18:21:00,A,3,25.03,53.88,6.85
2025-11-11 18:22:00,A,1,21.64,61.09,3.46
2025-11-11 18:22:00,A,2,24.05,55.34,5.04
2025-11-11 18:22:00,A,3,24.26,54.14,6.84
2025-11-11 18:23:00,A,1,21.92,61.67,3.16
2025-11-11 18:23:00,A,2,23.55,57.41,5.0
2025-11-11 18:23:00,A,3,24.51,54.72,6.47
2025-11-11 18:24:00,A,1,22.0,59.57,3.18
2025-11-11 18:24:00,A,2,23.72,57.36,4.91
2025-11-11 18:24:00,A,3,25.03,54.34,6.41
2025-11-11 18:25:00,A,1,22.39,58.4,2.92
2025-11-11 18:25:00,A,2,23.52,58.64,7.43
2025-11-11 18:25:00,A,3,24.69,55.08,7.97
2025-11-11 18:26:00,A,1,22.26,59.8,3.05
2025-11-11 18:26:00,A,2,23.72,56.27,5.02
2025-11-11 18:26:00,A,3,24.81,55.68,6.62
2025-11-11 18:27:00,A,1,22.17,61.91,3.22
2025-11-11 18:27:00,A,2,23.95,54.82,5.44
2025-11-11 18:27:00,A,3,24.16,56.05,6.86
2025-11-11 18:28:00,A,1,21.68,60.61,2.75
2025-11-11 18:28:00,A,2,23.8,59.97,4.77
2025-11-11 18:28:00,A,3,24.77,53.25,6.99
2025-11-11 18:29:00,A,1,21.69,60.64,3.07
2025-11-11 18:29:00,A,2,23.65,57.42,5.18
2025-11-11 18:29:00,A,3,24.98,56.84,6.81
2025-11-11 18:30:00,A,1,22.09,59.84,3.21
2025-11-11 18:30:00,A,2,23.71,56.58,5.17
2025-11-11 18:30:00,A,3,24.64,54.29,6.66
2025-11-11 18:31:00,A,1,21.91,58.37,3.33
2025-11-11 18:31:00,A,2,23.35,56.2,5.39
2025-11-11 18:31:00,A,3,24.89,56.12,6.9
2025-11-11 18:32:00,A,1,22.25,59.99,3.44
2025-11-11 18:32:00,A,2,23.26,58.11,5.18
2025-11-11 18:32:00,A,3,24.24,55.5,6.5
2025-11-11 18:33:00,A,1,22.05,60.49,2.91
2025-11-11 18:33:00,A,2,24.04,56.9,5.02
2025-11-11 18:33:00,A,3,23.93,54.76,6.54
2025-11-11 18:34:00,A,1,21.88,61.13,2.94
2025-11-11 18:34:00,A,2,23.56,57.38,5.47
2025-11-11 18:34:00,A,3,24.21,54.26,6.83
2025-11-11 18:35:00,A,1,22.09,59.15,2.9
2025-11-11 18:35:00,A,2,23.9,56.73,5.37
2025-11-11 18:35:00,A,3,24.91,53.76,6.52
2025-11-11 18:36:00,A,1,22.32,56.78,3.64
2025-11-11 18:36:00,A,2,23.37,56.41,5.22
2025-11-11 18:36:00,A,3,24.37,55.09,6.6
2025-11-11 18:37:00,A,1,22.11,59.86,3.31
2025-11-11 18:37:00,A,2,23.36,57.33,5.01
2025-11-11 18:37:00,A,3,24.76,53.96,6.91
2025-11-11 18:38:00,A,1,21.74,60.55,3.22
2025-11-11 18:38:00,A,2,23.25,59.52,5.22
2025-11-11 18:38:00,A,3,23.98,56.76,6.83
2025-11-11 18:39:00,A,1,21.82,59.88,3.29
2025-11-11 18:39:00,A,2,23.2,58.19,5.24
2025-11-11 18:39:00,A,3,24.33,55.54,6.42
2025-11-11 18:40:00,A,1,22.03,58.81,3.23
2025-11-11 18:40:00,A,2,23.34,58.63,6.87
2025-11-11 18:40:00,A,3,24.76,55.09,6.94
2025-11-11 18:41:00,A,1,21.52,62.08,3.35
2025-11-11 18:41:00,A,2,23.68,56.8,5.2
2025-11-11 18:41:00,A,3,24.89,53.55,7.01
2025-11-11 18:42:00,A,1,22.07,59.51,3.3
2025-11-11 18:42:00,A,2,23.51,58.01,5.07
2025-11-11 18:42:00,A,3,25.0,54.67,7.28
2025-11-11 18:43:00,A,1,21.95,60.73,2.92
2025-11-11 18:43:00,A,2,23.42,58.22,5.17
2025-11-11 18:43:00,A,3,24.72,55.15,6.72
2025-11-11 18:44:00,A,1,21.63,60.0,3.27
2025-11-11 18:44:00,A,2,22.94,59.82,5.41
2025-11-11 18:44:00,A,3,24.41,54.81,7.05
2025-11-11 18:45:00,A,1,21.99,59.26,2.92
2025-11-11 18:45:00,A,2,23.62,54.06,5.52
2025-11-11 18:45:00,A,3,24.45,55.65,6.88
2025-11-11 18:46:00,A,1,21.74,58.68,2.94
2025-11-11 18:46:00,A,2,24.31,55.16,5.54
2025-11-11 18:46:00,A,3,24.5,54.55,7.12
2025-11-11 18:47:00,A,1,21.44,60.32,3.61
2025-11-11 18:47:00,A,2,23.5,56.57,5.69
2025-11-11 18:47:00,A,3,24.34,54.57,7.07
2025-11-11 18:48:00,A,1,22.85,58.0,3.16
2025-11-11 18:48:00,A,2,23.5,57.92,5.48
2025-11-11 18:48:00,A,3,24.46,54.86,6.99
2025-11-11 18:49:00,A,1,21.9,61.32,3.39
2025-11-11 18:49:00,A,2,23.79,55.8,5.41
2025-11-11 18:49:00,A,3,25.2,55.64,7.19
2025-11-11 18:50:00,A,1,21.71,61.57,4.99
2025-11-11 18:50:00,A,2,23.29,56.36,5.41
2025-11-11 18:50:00,A,3,24.69,55.27,6.81
2025-11-11 18:51:00,A,1,21.84,60.87,3.33
2025-11-11 18:51:00,A,2,23.93,56.52,5.61
2025-11-11 18:51:00,A,3,24.36,55.83,6.99
2025-11-11 18:52:00,A,1,22.18,60.05,3.64
2025-11-11 18:52:00,A,2,23.24,55.8,5.24
2025-11-11 18:52:00,A,3,25.09,54.71,7.2
2025-11-11 18:53:00,A,1,22.55,59.07,3.68
2025-11-11 18:53:00,A,2,23.5,57.61,5.41
2025-11-11 18:53:00,A,3,24.93,55.92,7.16
2025-11-11 18:54:00,A,1,21.91,60.74,3.94
2025-11-11 18:54:00,A,2,23.18,58.04,5.77
2025-11-11 18:54:00,A,3,24.59,55.89,7.01
2025-11-11 18:55:00,A,1,21.59,61.46,3.52
2025-11-11 18:55:00,A,2,23.72,55.13,5.75
2025-11-11 18:55:00,A,3,24.4,55.04,6.94
2025-11-11 18:56:00,A,1,22.09,62.17,3.61
2025-11-11 18:56:00,A,2,23.41,55.88,5.65
2025-11-11 18:56:00,A,3,24.59,54.92,7.26
2025-11-11 18:57:00,A,1,22.02,58.87,4.04
2025-11-11 18:57:00,A,2,23.58,57.12,5.51
2025-11-11 18:57:00,A,3,24.99,53.85,7.19
2025-11-11 18:58:00,A,1,22.2,59.84,3.55
2025-11-11 18:58:00,A,2,23.75,56.38,5.5
2025-11-11 18:58:00,A,3,24.63,53.64,7.08
2025-11-11 18:59:00,A,1,21.9,59.66,3.6
2025-11-11 18:59:00,A,2,23.49,56.31,5.33
2025-11-11 18:59:00,A,3,24.89,52.18,7.2
2025-11-11 19:00:00,A,1,21.87,61.11,3.62
2025-11-11 19:00:00,A,2,23.56,57.31,5.73
2025-11-11 19:00:00,A,3,24.64,55.12,7.19
2025-11-11 19:01:00,A,1,21.87,59.51,4.13
2025-11-11 19:01:00,A,2,23.57,56.72,5.51
2025-11-11 19:01:00,A,3,24.57,55.76,7.21
2025-11-11 19:02:00,A,1,21.84,59.48,3.98
2025-11-11 19:02:00,A,2,23.58,57.92,5.68
2025-11-11 19:02:00,A,3,24.52,52.82,7.29
2025-11-11 19:03:00,A,1,22.71,58.85,3.88
2025-11-11 19:03:00,A,2,23.49,56.54,5.54
2025-11-11 19:03:00,A,3,24.46,54.54,7.43
2025-11-11 19:04:00,A,1,22.28,60.36,3.92
2025-11-11 19:04:00,A,2,22.95,59.65,6.0
2025-11-11 19:04:00,A,3,24.9,53.47,7.17
2025-11-11 19:05:00,A,1,22.31,60.2,3.89
2025-11-11 19:05:00,A,2,23.1,59.04,5.93
2025-11-11 19:05:00,A,3,24.83,54.79,7.39
2025-11-11 19:06:00,A,1,21.9,59.77,3.66
2025-11-11 19:06:00,A,2,23.37,56.1,5.81
2025-11-11 19:06:00,A,3,24.46,54.87,7.22
2025-11-11 19:07:00,A,1,21.91,59.36,3.81
2025-11-11 19:07:00,A,2,23.33,58.58,5.66
2025-11-11 19:07:00,A,3,24.78,55.39,7.12
2025-11-11 19:08:00,A,1,22.07,61.83,3.61
2025-11-11 19:08:00,A,2,23.31,57.42,5.65
2025-11-11 19:08:00,A,3,24.51,53.44,7.72
2025-11-11 19:09:00,A,1,22.01,59.81,3.89
2025-11-11 19:09:00,A,2,24.33,56.35,5.59
2025-11-11 19:09:00,A,3,24.72,53.41,7.21
2025-11-11 19:10:00,A,1,21.82,61.83,3.91
2025-11-11 19:10:00,A,2,24.16,54.64,6.03
2025-11-11 19:10:00,A,3,24.58,55.72,6.99
2025-11-11 19:11:00,A,1,22.06,59.69,3.89
2025-11-11 19:11:00,A,2,23.88,57.42,5.81
2025-11-11 19:11:00,A,3,24.47,54.84,7.58
2025-11-11 19:12:00,A,1,22.26,59.09,3.49
2025-11-11 19:12:00,A,2,24.36,55.9,5.77
2025-11-11 19:12:00,A,3,24.15,55.64,7.18
2025-11-11 19:13:00,A,1,22.0,59.17,3.6
2025-11-11 19:13:00,A,2,23.34,56.93,6.08
2025-11-11 19:13:00,A,3,24.84,53.59,7.06
2025-11-11 19:14:00,A,1,22.14,58.41,5.92
2025-11-11 19:14:00,A,2,23.71,55.91,5.91
2025-11-11 19:14:00,A,3,24.6,54.86,7.54
2025-11-11 19:15:00,A,1,22.18,58.66,3.96
2025-11-11 19:15:00,A,2,23.4,59.37,6.45
2025-11-11 19:15:00,A,3,24.66,54.68,7.39
2025-11-11 19:16:00,A,1,22.12,60.64,4.01
2025-11-11 19:16:00,A,2,23.4,56.96,5.9
2025-11-11 19:16:00,A,3,25.16,53.34,7.55
2025-11-11 19:17:00,A,1,22.25,59.89,3.76
2025-11-11 19:17:00,A,2,23.07,56.6,5.84
2025-11-11 19:17:00,A,3,24.1,55.08,6.86
2025-11-11 19:18:00,A,1,21.35,60.28,3.84
2025-11-11 19:18:00,A,2,23.56,55.72,5.81
2025-11-11 19:18:00,A,3,24.23,53.76,7.45
2025-11-11 19:19:00,A,1,21.74,60.26,3.87
2025-11-11 19:19:00,A,2,23.56,57.8,5.92
2025-11-11 19:19:00,A,3,24.82,54.51,7.37
2025-11-11 19:20:00,A,1,22.06,59.93,4.01
2025-11-11 19:20:00,A,2,23.46,55.88,5.68
2025-11-11 19:20:00,A,3,24.7,54.89,7.25
2025-11-11 19:21:00,A,1,21.94,61.08,3.7
2025-11-11 19:21:00,A,2,23.89,56.55,5.85
2025-11-11 19:21:00,A,3,24.81,53.39,7.74
2025-11-11 19:22:00,A,1,22.47,59.14,3.81
2025-11-11 19:22:00,A,2,23.59,57.19,5.69
2025-11-11 19:22:00,A,3,24.85,54.67,7.58
2025-11-11 19:23:00,A,1,22.26,59.68,4.08
2025-11-11 19:23:00,A,2,23.92,55.52,6.03
2025-11-11 19:23:00,A,3,24.61,56.77,7.51
2025-11-11 19:24:00,A,1,22.26,59.01,4.04
2025-11-11 19:24:00,A,2,23.79,58.15,5.9
2025-11-11 19:24:00,A,3,24.47,55.06,7.26
2025-11-11 19:25:00,A,1,22.67,57.92,3.88
2025-11-11 19:25:00,A,2,22.87,58.75,5.83
2025-11-11 19:25:00,A,3,24.33,55.02,7.09
2025-11-11 19:26:00,A,1,21.85,60.68,3.9
2025-11-11 19:26:00,A,2,23.11,59.02,5.78
2025-11-11 19:26:00,A,3,24.94,56.46,7.26
2025-11-11 19:27:00,A,1,21.57,60.91,4.37
2025-11-11 19:27:00,A,2,24.04,56.05,6.14
2025-11-11 19:27:00,A,3,24.95,54.93,7.35
2025-11-11 19:28:00,A,1,21.96,60.9,4.16
2025-11-11 19:28:00,A,2,23.35,59.13,5.93
2025-11-11 19:28:00,A,3,24.67,54.84,7.76
2025-11-11 19:29:00,A,1,22.18,58.2,3.99
2025-11-11 19:29:00,A,2,23.49,59.05,5.99
2025-11-11 19:29:00,A,3,24.94,55.43,7.68
2025-11-11 19:30:00,A,1,22.37,58.23,3.88
2025-11-11 19:30:00,A,2,23.55,59.04,5.78
2025-11-11 19:30:00,A,3,24.89,53.96,7.3
2025-11-11 19:31:00,A,1,22.27,60.08,4.14
2025-11-11 19:31:00,A,2,23.86,56.45,6.15
2025-11-11 19:31:00,A,3,24.62,54.61,7.18
2025-11-11 19:32:00,A,1,22.09,59.67,4.4
2025-11-11 19:32:00,A,2,23.3,58.43,6.05
2025-11-11 19:32:00,A,3,24.84,54.89,7.82
2025-11-11 19:33:00,A,1,22.23,58.61,4.16
2025-11-11 19:33:00,A,2,23.22,57.81,5.92
2025-11-11 19:33:00,A,3,24.68,54.71,7.39
2025-11-11 19:34:00,A,1,22.82,58.17,4.31
2025-11-11 19:34:00,A,2,23.61,56.39,6.29
2025-11-11 19:34:00,A,3,25.16,54.17,7.57
2025-11-11 19:35:00,A,1,22.78,57.48,4.02
2025-11-11 19:35:00,A,2,23.59,55.51,6.22
2025-11-11 19:35:00,A,3,24.71,52.75,7.48
2025-11-11 19:36:00,A,1,22.13,60.16,4.01
2025-11-11 19:36:00,A,2,23.96,56.59,5.86
2025-11-11 19:36:00,A,3,24.78,53.8,7.68
2025-11-11 19:37:00,A,1,22.22,61.19,3.87
2025-11-11 19:37:00,A,2,23.7,56.52,5.97
2025-11-11 19:37:00,A,3,24.94,53.33,7.57
2025-11-11 19:38:00,A,1,21.47,60.52,4.2
2025-11-11 19:38:00,A,2,24.25,55.24,6.0
2025-11-11 19:38:00,A,3,24.99,54.78,10.27
2025-11-11 19:39:00,A,1,22.31,60.53,3.9
2025-11-11 19:39:00,A,2,23.79,56.75,6.04
2025-11-11 19:39:00,A,3,24.89,54.23,7.33
2025-11-11 19:40:00,A,1,22.37,59.85,4.1
2025-11-11 19:40:00,A,2,23.56,58.44,5.94
2025-11-11 19:40:00,A,3,24.61,55.26,7.68
2025-11-11 19:41:00,A,1,22.77,58.39,4.17
2025-11-11 19:41:00,A,2,23.66,56.78,5.86
2025-11-11 19:41:00,A,3,25.17,53.14,7.52
2025-11-11 19:42:00,A,1,22.03,59.79,3.82
2025-11-11 19:42:00,A,2,23.03,58.04,6.53
2025-11-11 19:42:00,A,3,25.19,54.68,7.47
2025-11-11 19:43:00,A,1,22.09,60.32,4.05
2025-11-11 19:43:00,A,2,24.13,55.37,5.97
2025-11-11 19:43:00,A,3,24.71,55.38,7.7
2025-11-11 19:44:00,A,1,21.97,60.58,3.84
2025-11-11 19:44:00,A,2,23.79,58.4,5.77
2025-11-11 19:44:00,A,3,24.89,55.21,7.19
2025-11-11 19:45:00,A,1,22.1,60.99,3.78
2025-11-11 19:45:00,A,2,24.21,57.3,6.16
2025-11-11 19:45:00,A,3,24.53,53.98,7.63
2025-11-11 19:46:00,A,1,22.31,59.49,3.97
2025-11-11 19:46:00,A,2,23.33,55.02,6.0
2025-11-11 19:46:00,A,3,24.76,55.36,7.75
2025-11-11 19:47:00,A,1,22.11,58.82,4.1
2025-11-11 19:47:00,A,2,24.12,52.93,6.03
2025-11-11 19:47:00,A,3,24.42,56.25,7.67
2025-11-11 19:48:00,A,1,22.08,61.53,3.83
2025-11-11 19:48:00,A,2,24.0,55.83,5.85
2025-11-11 19:48:00,A,3,24.68,54.82,7.39
2025-11-11 19:49:00,A,1,22.37,59.56,3.58
2025-11-11 19:49:00,A,2,23.78,57.12,5.7
2025-11-11 19:49:00,A,3,24.77,53.89,7.65
2025-11-11 19:50:00,A,1,22.34,59.86,3.7
2025-11-11 19:50:00,A,2,23.37,58.63,5.8
2025-11-11 19:50:00,A,3,24.95,54.29,10.27
2025-11-11 19:51:00,A,1,22.26,59.04,4.1
2025-11-11 19:51:00,A,2,23.8,54.26,6.21
2025-11-11 19:51:00,A,3,24.89,53.75,7.63
2025-11-11 19:52:00,A,1,22.23,60.38,3.99
2025-11-11 19:52:00,A,2,23.96,54.73,5.92
2025-11-11 19:52:00,A,3,24.82,55.73,7.59
2025-11-11 19:53:00,A,1,22.19,59.0,3.82
2025-11-11 19:53:00,A,2,23.55,56.65,5.78
2025-11-11 19:53:00,A,3,24.84,55.58,6.99
2025-11-11 19:54:00,A,1,22.51,61.0,3.9
2025-11-11 19:54:00,A,2,24.0,56.27,5.63
2025-11-11 19:54:00,A,3,25.3,53.2,7.24
2025-11-11 19:55:00,A,1,21.78,59.59,4.1
2025-11-11 19:55:00,A,2,23.63,58.87,5.79
2025-11-11 19:55:00,A,3,24.97,52.55,7.56
2025-11-11 19:56:00,A,1,22.03,59.13,3.69
2025-11-11 19:56:00,A,2,23.75,57.8,6.08
2025-11-11 19:56:00,A,3,24.77,56.0,7.37
2025-11-11 19:57:00,A,1,22.22,61.7,3.86
2025-11-11 19:57:00,A,2,24.1,54.24,7.81
2025-11-11 19:57:00,A,3,25.46,52.75,7.59
2025-11-11 19:58:00,A,1,22.37,60.85,3.98
2025-11-11 19:58:00,A,2,24.01,55.66,5.86
2025-11-11 19:58:00,A,3,24.26,56.14,7.29
2025-11-11 19:59:00,A,1,22.69,58.9,3.73
2025-11-11 19:59:00,A,2,24.36,54.76,5.96
2025-11-11 19:59:00,A,3,24.94,53.58,7.65
2025-11-11 20:00:00,A,1,22.24,60.98,3.65
2025-11-11 20:00:00,A,2,23.84,56.14,5.82
2025-11-11 20:00:00,A,3,24.43,55.95,7.15
2025-11-11 20:01:00,A,1,22.21,58.19,3.57
2025-11-11 20:01:00,A,2,23.12,56.52,5.91
2025-11-11 20:01:00,A,3,24.44,55.03,7.55
2025-11-11 20:02:00,A,1,22.39,60.36,4.03
2025-11-11 20:02:00,A,2,23.49,57.27,6.18
2025-11-11 20:02:00,A,3,24.76,55.18,7.13
2025-11-11 20:03:00,A,1,21.87,60.18,4.04
2025-11-11 20:03:00,A,2,23.57,56.3,5.69
2025-11-11 20:03:00,A,3,24.9,55.87,7.47
2025-11-11 20:04:00,A,1,22.19,59.09,3.77
2025-11-11 20:04:00,A,2,24.54,56.44,5.78
2025-11-11 20:04:00,A,3,24.83,55.15,7.38
2025-11-11 20:05:00,A,1,22.16,60.29,3.56
2025-11-11 20:05:00,A,2,24.04,56.47,5.8
2025-11-11 20:05:00,A,3,24.53,54.37,7.11
2025-11-11 20:06:00,A,1,21.88,59.46,3.94
2025-11-11 20:06:00,A,2,23.96,57.68,5.6
2025-11-11 20:06:00,A,3,24.77,55.79,7.28
2025-11-11 20:07:00,A,1,22.22,59.98,3.89
2025-11-11 20:07:00,A,2,23.6,56.99,5.48
2025-11-11 20:07:00,A,3,24.71,56.69,6.98
2025-11-11 20:08:00,A,1,22.39,58.47,6.07
2025-11-11 20:08:00,A,2,23.86,59.1,5.72
2025-11-11 20:08:00,A,3,25.16,53.64,6.89
2025-11-11 20:09:00,A,1,22.52,58.34,3.94
2025-11-11 20:09:00,A,2,23.38,56.94,5.84
2025-11-11 20:09:00,A,3,24.92,53.74,7.37
2025-11-11 20:10:00,A,1,22.27,59.94,3.89
2025-11-11 20:10:00,A,2,23.48,56.89,5.58
2025-11-11 20:10:00,A,3,24.52,55.74,7.21
2025-11-11 20:11:00,A,1,22.18,59.49,3.49
2025-11-11 20:11:00,A,2,24.03,55.28,5.27
2025-11-11 20:11:00,A,3,25.13,54.22,7.4
2025-11-11 20:12:00,A,1,22.19,59.8,3.71
2025-11-11 20:12:00,A,2,24.08,54.52,5.7
2025-11-11 20:12:00,A,3,24.75,53.69,7.34
2025-11-11 20:13:00,A,1,22.88,57.44,3.6
2025-11-11 20:13:00,A,2,24.29,54.34,5.8
2025-11-11 20:13:00,A,3,24.45,55.04,7.3
2025-11-11 20:14:00,A,1,22.07,59.6,3.52
2025-11-11 20:14:00,A,2,23.82,56.96,5.46
2025-11-11 20:14:00,A,3,25.38,55.67,7.14
2025-11-11 20:15:00,A,1,22.2,61.61,3.21
2025-11-11 20:15:00,A,2,23.87,58.43,5.08
2025-11-11 20:15:00,A,3,24.18,55.04,7.28
2025-11-11 20:16:00,A,1,22.78,59.66,3.51
2025-11-11 20:16:00,A,2,24.17,56.65,5.49
2025-11-11 20:16:00,A,3,24.88,52.73,7.01
2025-11-11 20:17:00,A,1,22.62,56.25,3.46
2025-11-11 20:17:00,A,2,23.95,57.9,5.73
2025-11-11 20:17:00,A,3,24.74,55.49,7.07
2025-11-11 20:18:00,A,1,22.09,58.94,3.36
2025-11-11 20:18:00,A,2,24.02,54.47,5.5
2025-11-11 20:18:00,A,3,24.72,53.13,6.96
2025-11-11 20:19:00,A,1,22.57,57.09,3.58
2025-11-11 20:19:00,A,2,24.01,55.98,5.59
2025-11-11 20:19:00,A,3,25.07,52.47,6.99
2025-11-11 20:20:00,A,1,22.51,61.6,3.69
2025-11-11 20:20:00,A,2,24.0,54.89,5.57
2025-11-11 20:20:00,A,3,24.67,55.22,6.76
2025-11-11 20:21:00,A,1,22.63,59.75,3.5
2025-11-11 20:21:00,A,2,24.07,54.22,5.99
2025-11-11 20:21:00,A,3,25.16,53.64,6.76
2025-11-11 20:22:00,A,1,22.58,56.79,3.63
2025-11-11 20:22:00,A,2,24.23,55.09,5.72
2025-11-11 20:22:00,A,3,24.77,54.0,6.95
2025-11-11 20:23:00,A,1,22.39,59.62,3.19
2025-11-11 20:23:00,A,2,23.35,57.97,5.94
2025-11-11 20:23:00,A,3,25.24,52.71,7.23
2025-11-11 20:24:00,A,1,22.08,60.41,3.58
2025-11-11 20:24:00,A,2,23.94,56.73,5.83
2025-11-11 20:24:00,A,3,25.42,53.05,7.17
2025-11-11 20:25:00,A,1,21.72,61.73,3.94
2025-11-11 20:25:00,A,2,23.91,56.16,5.55
2025-11-11 20:25:00,A,3,24.69,56.07,7.08
2025-11-11 20:26:00,A,1,22.19,59.6,3.24
2025-11-11 20:26:00,A,2,24.29,55.55,5.58
2025-11-11 20:26:00,A,3,24.82,54.82,7.21
2025-11-11 20:27:00,A,1,22.16,59.97,3.62
2025-11-11 20:27:00,A,2,23.69,56.48,5.81
2025-11-11 20:27:00,A,3,25.46,52.27,6.95
2025-11-11 20:28:00,A,1,22.24,60.93,3.67
2025-11-11 20:28:00,A,2,23.76,55.93,5.74
2025-11-11 20:28:00,A,3,24.95,53.21,7.41
2025-11-11 20:29:00,A,1,22.03,59.14,3.14
2025-11-11 20:29:00,A,2,23.7,56.46,5.34
2025-11-11 20:29:00,A,3,24.9,54.36,6.58
2025-11-11 20:30:00,A,1,22.58,59.69,3.42
2025-11-11 20:30:00,A,2,23.74,54.64,5.39
2025-11-11 20:30:00,A,3,24.65,55.5,7.03
2025-11-11 20:31:00,A,1,22.61,57.89,3.21
2025-11-11 20:31:00,A,2,24.1,56.24,5.46
2025-11-11 20:31:00,A,3,24.92,55.06,7.03
2025-11-11 20:32:00,A,1,22.35,59.49,3.25
2025-11-11 20:32:00,A,2,24.29,53.91,5.28
2025-11-11 20:32:00,A,3,25.13,55.67,7.13
2025-11-11 20:33:00,A,1,22.1,59.45,3.64
2025-11-11 20:33:00,A,2,23.9,56.18,5.49
2025-11-11 20:33:00,A,3,25.01,54.66,6.81
2025-11-11 20:34:00,A,1,22.24,60.9,3.78
2025-11-11 20:34:00,A,2,24.48,55.0,5.37
2025-11-11 20:34:00,A,3,24.78,55.4,7.07
2025-11-11 20:35:00,A,1,22.65,59.0,3.28
2025-11-11 20:35:00,A,2,23.79,56.74,5.17
2025-11-11 20:35:00,A,3,25.01,53.36,6.76
2025-11-11 20:36:00,A,1,22.46,58.28,3.29
2025-11-11 20:36:00,A,2,23.78,56.27,5.13
2025-11-11 20:36:00,A,3,24.97,52.84,6.57
2025-11-11 20:37:00,A,1,21.89,58.99,3.12
2025-11-11 20:37:00,A,2,24.12,55.36,5.32
2025-11-11 20:37:00,A,3,25.35,54.23,6.33
2025-11-11 20:38:00,A,1,22.26,59.34,3.51
2025-11-11 20:38:00,A,2,24.26,55.73,5.35
2025-11-11 20:38:00,A,3,24.72,55.15,6.83
2025-11-11 20:39:00,A,1,22.55,59.18,3.02
2025-11-11 20:39:00,A,2,24.28,54.29,5.36
2025-11-11 20:39:00,A,3,25.03,54.68,6.84
2025-11-11 20:40:00,A,1,22.2,58.15,3.23
2025-11-11 20:40:00,A,2,24.03,57.86,5.44
2025-11-11 20:40:00,A,3,25.14,53.93,6.92
2025-11-11 20:41:00,A,1,22.68,59.86,3.05
2025-11-11 20:41:00,A,2,24.03,56.89,5.01
2025-11-11 20:41:00,A,3,24.73,54.73,9.07
